<?xml version="1.0" encoding="UTF-8"?><CodeSystem xmlns="http://hl7.org/fhir"><id value="QuestionnaireItemControlExtended"/><text><status value="generated"/><div xmlns="http://www.w3.org/1999/xhtml"><p class="res-header-id"><b>Generated Narrative: CodeSystem QuestionnaireItemControlExtended</b></p><a name="QuestionnaireItemControlExtended"> </a><a name="hcQuestionnaireItemControlExtended"> </a><a name="QuestionnaireItemControlExtended-en-US"> </a><p>This case-sensitive code system <code>https://smartforms.csiro.au/ig/CodeSystem/QuestionnaireItemControlExtended</code> defines the following code:</p><table class="codes"><tr><td style="white-space:nowrap"><b>Code</b></td><td><b>Definition</b></td></tr><tr><td style="white-space:nowrap">context-display<a name="QuestionnaireItemControlExtended-context-display"> </a></td><td>An display item rendered adjacent (horizontally or vertically) to the text of the parent item.</td></tr></table></div></text><url value="https://smartforms.csiro.au/ig/CodeSystem/QuestionnaireItemControlExtended"/><version value="0.2.0"/><name value="QuestionnaireItemControlExtended"/><title value="Questionnaire Item Control Extension"/><status value="draft"/><experimental value="false"/><date value="2024-10-25T12:49:36+10:00"/><publisher value="AEHRC CSIRO"/><contact><name value="AEHRC CSIRO"/><telecom><system value="url"/><value value="https://confluence.csiro.au/display/PCDQFPhase2/Primary+Care+Data+Quality+Foundations+-+Phase+2"/></telecom></contact><description value="The Questionnaire Item Control Extension code system defines concepts that extend the HL7 questionnaire item control concepts in http://hl7.org/fhir/questionnaire-item-control. They represent interface control/display mechanisms interface control/display mechanisms that might be used when rendering an item in a questionnaire."/><copyright value="Copyright © 2022+ Australian Government Department of Health and Aged Care - All rights reserved. This content is licensed under a Creative Commons Attribution-ShareAlike 4.0 International License. See https://creativecommons.org/licenses/by-sa/4.0/."/><caseSensitive value="true"/><content value="complete"/><count value="1"/><concept><code value="context-display"/><display value="context-display"/><definition value="An display item rendered adjacent (horizontally or vertically) to the text of the parent item."/></concept></CodeSystem>