<?xml version="1.0" encoding="UTF-8"?><ValueSet xmlns="http://hl7.org/fhir"><id value="questionnaire-item-control"/><text><status value="generated"/><div xmlns="http://www.w3.org/1999/xhtml"><ul><li>Include all codes defined in <a href="CodeSystem-questionnaire-item-control.html"><code>http://hl7.org/fhir/questionnaire-item-control</code></a></li></ul></div></text><extension url="http://hl7.org/fhir/StructureDefinition/structuredefinition-wg"><valueCode value="fhir"/></extension><extension url="http://hl7.org/fhir/StructureDefinition/structuredefinition-standards-status"><valueCode value="trial-use"/></extension><extension url="http://hl7.org/fhir/StructureDefinition/structuredefinition-fmm"><valueInteger value="3"/></extension><url value="http://hl7.org/fhir/ValueSet/questionnaire-item-control"/><identifier><system value="urn:ietf:rfc:3986"/><value value="urn:oid:2.16.840.1.113883.4.642.3.931"/></identifier><identifier><use value="old"/><system value="urn:ietf:rfc:3986"/><value value="urn:oid:2.16.840.1.113883.4.642.3.848"/></identifier><version value="1.0.0"/><name value="QuestionnaireItemUIControlCodes"/><title value="Questionnaire Item UI Control Codes"/><status value="active"/><experimental value="false"/><date value="2023-03-26T09:00:24+11:00"/><publisher value="HL7 International / FHIR Infrastructure"/><contact><telecom><system value="url"/><value value="http://hl7.org/Special/committees/fhir-i"/></telecom></contact><description value="Starter set of user interface control/display mechanisms that might be used when rendering an item in a questionnaire."/><copyright value="Copyright © 2011+ HL7. Creative Commons 'No Rights Reserved' (CC0)"/><compose><include><system value="http://hl7.org/fhir/questionnaire-item-control"/></include></compose></ValueSet>