<?xml version="1.0" encoding="UTF-8"?><ValueSet xmlns="http://hl7.org/fhir"><id value="condition-clinical"/><text><status value="generated"/><div xmlns="http://www.w3.org/1999/xhtml"><p class="res-header-id"><b>Generated Narrative: ValueSet condition-clinical</b></p><a name="condition-clinical"> </a><a name="hccondition-clinical"> </a><a name="condition-clinical-en-US"> </a><p style="border: black 1px dotted; background-color: #EEEEEE; padding: 8px; margin-bottom: 8px">Expansion based on system Condition Clinical Status Codes version4.0.1</p><p>This value set contains 6 concepts</p><table class="codes"><tr><td style="white-space:nowrap"><b>Code</b></td><td><b>System</b></td><td><b>Display</b></td><td><b>Definition</b></td></tr><tr><td style="white-space:nowrap"><a name="condition-clinical-http://terminology.hl7.org/CodeSystem/condition-clinical-active"> </a>  <a href="http://terminology.hl7.org/6.0.2/CodeSystem-condition-clinical.html#condition-clinical-active">active</a></td><td>http://terminology.hl7.org/CodeSystem/condition-clinical</td><td>Active</td><td><div><p>The subject is currently experiencing the condition or situation, there is evidence of the condition or situation, or considered to be a significant risk.</p>
</div></td></tr><tr><td style="white-space:nowrap"><a name="condition-clinical-http://terminology.hl7.org/CodeSystem/condition-clinical-inactive"> </a>  <a href="http://terminology.hl7.org/6.0.2/CodeSystem-condition-clinical.html#condition-clinical-inactive">inactive</a></td><td>http://terminology.hl7.org/CodeSystem/condition-clinical</td><td>Inactive</td><td><div><p>The subject is no longer experiencing the condition or situation and there is no longer evidence or appreciable risk of the condition or situation.</p>
</div></td></tr><tr><td style="white-space:nowrap"><a name="condition-clinical-http://terminology.hl7.org/CodeSystem/condition-clinical-recurrence"> </a>  <a href="http://terminology.hl7.org/6.0.2/CodeSystem-condition-clinical.html#condition-clinical-recurrence">recurrence</a></td><td>http://terminology.hl7.org/CodeSystem/condition-clinical</td><td>Recurrence</td><td><div><p>The subject is experiencing a reoccurence or repeating of a previously resolved condition or situation, e.g. urinary tract infection, food insecurity.</p>
</div></td></tr><tr><td style="white-space:nowrap"><a name="condition-clinical-http://terminology.hl7.org/CodeSystem/condition-clinical-relapse"> </a>  <a href="http://terminology.hl7.org/6.0.2/CodeSystem-condition-clinical.html#condition-clinical-relapse">relapse</a></td><td>http://terminology.hl7.org/CodeSystem/condition-clinical</td><td>Relapse</td><td><div><p>The subject is experiencing a return of a condition or situation after a period of improvement or remission, e.g. relapse of cancer, alcoholism.</p>
</div></td></tr><tr><td style="white-space:nowrap"><a name="condition-clinical-http://terminology.hl7.org/CodeSystem/condition-clinical-remission"> </a>  <a href="http://terminology.hl7.org/6.0.2/CodeSystem-condition-clinical.html#condition-clinical-remission">remission</a></td><td>http://terminology.hl7.org/CodeSystem/condition-clinical</td><td>Remission</td><td><div><p>The subject is not presently experiencing the condition or situation, but there is a risk of the condition or situation returning.</p>
</div></td></tr><tr><td style="white-space:nowrap"><a name="condition-clinical-http://terminology.hl7.org/CodeSystem/condition-clinical-resolved"> </a>  <a href="http://terminology.hl7.org/6.0.2/CodeSystem-condition-clinical.html#condition-clinical-resolved">resolved</a></td><td>http://terminology.hl7.org/CodeSystem/condition-clinical</td><td>Resolved</td><td><div><p>The subject is not presently experiencing the condition or situation and there is a negligible perceived risk of the condition or situation returning.</p>
</div></td></tr></table></div></text><extension url="http://hl7.org/fhir/StructureDefinition/structuredefinition-wg"><valueCode value="pc"/></extension><extension url="http://hl7.org/fhir/StructureDefinition/structuredefinition-standards-status"><valueCode value="trial-use"/></extension><extension url="http://hl7.org/fhir/StructureDefinition/structuredefinition-fmm"><valueInteger value="3"/></extension><url value="http://hl7.org/fhir/ValueSet/condition-clinical"/><identifier><system value="urn:ietf:rfc:3986"/><value value="urn:oid:2.16.840.1.113883.4.642.3.164"/></identifier><version value="4.0.1"/><name value="ConditionClinicalStatusCodes"/><title value="Condition Clinical Status Codes"/><status value="draft"/><experimental value="false"/><date value="2019-11-01T09:29:23+11:00"/><publisher value="FHIR Project team"/><contact><telecom><system value="url"/><value value="http://hl7.org/fhir"/></telecom></contact><description value="Preferred value set for Condition Clinical Status."/><copyright value="Copyright © 2011+ HL7. Licensed under Creative Commons &quot;No Rights Reserved&quot;."/><compose><include><system value="http://terminology.hl7.org/CodeSystem/condition-clinical"/></include></compose><expansion><identifier value="urn:uuid:79d21cca-9f34-4cfa-9020-17eee95eeed8"/><timestamp value="2024-04-02T14:17:12+10:00"/><total value="6"/><parameter><name value="version"/><valueUri value="http://terminology.hl7.org/CodeSystem/condition-clinical|4.0.1"/></parameter><parameter><name value="used-codesystem"/><valueUri value="http://terminology.hl7.org/CodeSystem/condition-clinical|4.0.1"/></parameter><parameter><name value="warning-draft"/><valueUri value="http://hl7.org/fhir/ValueSet/condition-clinical|4.0.1"/></parameter><parameter><name value="warning-trial-use"/><valueUri value="http://hl7.org/fhir/ValueSet/condition-clinical|4.0.1"/></parameter><parameter><name value="warning-trial-use"/><valueUri value="http://terminology.hl7.org/CodeSystem/condition-clinical|4.0.1"/></parameter><parameter><name value="warning-draft"/><valueUri value="http://terminology.hl7.org/CodeSystem/condition-clinical|4.0.1"/></parameter><contains><system value="http://terminology.hl7.org/CodeSystem/condition-clinical"/><code value="active"/><display value="Active"/></contains><contains><system value="http://terminology.hl7.org/CodeSystem/condition-clinical"/><code value="inactive"/><display value="Inactive"/></contains><contains><system value="http://terminology.hl7.org/CodeSystem/condition-clinical"/><code value="recurrence"/><display value="Recurrence"/></contains><contains><system value="http://terminology.hl7.org/CodeSystem/condition-clinical"/><code value="relapse"/><display value="Relapse"/></contains><contains><system value="http://terminology.hl7.org/CodeSystem/condition-clinical"/><code value="remission"/><display value="Remission"/></contains><contains><system value="http://terminology.hl7.org/CodeSystem/condition-clinical"/><code value="resolved"/><display value="Resolved"/></contains></expansion></ValueSet>