<?xml version="1.0" encoding="UTF-8"?><ValueSet xmlns="http://hl7.org/fhir"><id value="australian-states-territories-2"/><meta><profile value="http://hl7.org/fhir/StructureDefinition/shareablevalueset"/><profile value="https://healthterminologies.gov.au/fhir/StructureDefinition/composed-value-set-4"/></meta><text><status value="generated"/><div xmlns="http://www.w3.org/1999/xhtml"><p class="res-header-id"><b>Generated Narrative: ValueSet australian-states-territories-2</b></p><a name="australian-states-territories-2"> </a><a name="hcaustralian-states-territories-2"> </a><a name="australian-states-territories-2-en-US"> </a><p style="border: black 1px dotted; background-color: #EEEEEE; padding: 8px; margin-bottom: 8px">Expansion based on system australian-states-territories-1 version1.1.3</p><p>This value set contains 9 concepts</p><table class="codes"><tr><td style="white-space:nowrap"><b>Code</b></td><td><b>System</b></td><td><b>Display</b></td></tr><tr><td style="white-space:nowrap"><a name="australian-states-territories-2-https://healthterminologies.gov.au/fhir/CodeSystem/australian-states-territories-1-ACT"> </a>  ACT</td><td>https://healthterminologies.gov.au/fhir/CodeSystem/australian-states-territories-1</td><td>Australian Capital Territory</td></tr><tr><td style="white-space:nowrap"><a name="australian-states-territories-2-https://healthterminologies.gov.au/fhir/CodeSystem/australian-states-territories-1-NSW"> </a>  NSW</td><td>https://healthterminologies.gov.au/fhir/CodeSystem/australian-states-territories-1</td><td>New South Wales</td></tr><tr><td style="white-space:nowrap"><a name="australian-states-territories-2-https://healthterminologies.gov.au/fhir/CodeSystem/australian-states-territories-1-NT"> </a>  NT</td><td>https://healthterminologies.gov.au/fhir/CodeSystem/australian-states-territories-1</td><td>Northern Territory</td></tr><tr><td style="white-space:nowrap"><a name="australian-states-territories-2-https://healthterminologies.gov.au/fhir/CodeSystem/australian-states-territories-1-OTHER"> </a>  OTHER</td><td>https://healthterminologies.gov.au/fhir/CodeSystem/australian-states-territories-1</td><td>Other territories</td></tr><tr><td style="white-space:nowrap"><a name="australian-states-territories-2-https://healthterminologies.gov.au/fhir/CodeSystem/australian-states-territories-1-QLD"> </a>  QLD</td><td>https://healthterminologies.gov.au/fhir/CodeSystem/australian-states-territories-1</td><td>Queensland</td></tr><tr><td style="white-space:nowrap"><a name="australian-states-territories-2-https://healthterminologies.gov.au/fhir/CodeSystem/australian-states-territories-1-SA"> </a>  SA</td><td>https://healthterminologies.gov.au/fhir/CodeSystem/australian-states-territories-1</td><td>South Australia</td></tr><tr><td style="white-space:nowrap"><a name="australian-states-territories-2-https://healthterminologies.gov.au/fhir/CodeSystem/australian-states-territories-1-TAS"> </a>  TAS</td><td>https://healthterminologies.gov.au/fhir/CodeSystem/australian-states-territories-1</td><td>Tasmania</td></tr><tr><td style="white-space:nowrap"><a name="australian-states-territories-2-https://healthterminologies.gov.au/fhir/CodeSystem/australian-states-territories-1-VIC"> </a>  VIC</td><td>https://healthterminologies.gov.au/fhir/CodeSystem/australian-states-territories-1</td><td>Victoria</td></tr><tr><td style="white-space:nowrap"><a name="australian-states-territories-2-https://healthterminologies.gov.au/fhir/CodeSystem/australian-states-territories-1-WA"> </a>  WA</td><td>https://healthterminologies.gov.au/fhir/CodeSystem/australian-states-territories-1</td><td>Western Australia</td></tr></table></div></text><url value="https://healthterminologies.gov.au/fhir/ValueSet/australian-states-territories-2"/><identifier><system value="urn:ietf:rfc:3986"/><value value="urn:oid:1.2.36.1.2001.1004.201.10026"/></identifier><version value="2.0.2"/><name value="AustralianStatesAndTerritories"/><title value="Australian States and Territories"/><status value="active"/><experimental value="false"/><date value="2020-05-31"/><publisher value="Australian Digital Health Agency"/><contact><telecom><system value="email"/><value value="help@digitalhealth.gov.au"/></telecom></contact><description value="The Australian States and Territories value set includes values that represent the Australian states and territories."/><copyright value="Copyright © 2018 Australian Digital Health Agency - All rights reserved. Except for the material identified below, this content is licensed under a Creative Commons Attribution 4.0 International License. See https://creativecommons.org/licenses/by/4.0/. &#xA;&#xA;This resource includes material that is based on Australian Institute of Health and Welfare material. &#xA;&#xA;All copies of this resource must include this copyright statement and all information contained in this statement."/><compose><include><system value="https://healthterminologies.gov.au/fhir/CodeSystem/australian-states-territories-1"/><concept><code value="ACT"/></concept><concept><code value="NSW"/></concept><concept><code value="NT"/></concept><concept><code value="OTHER"/></concept><concept><code value="QLD"/></concept><concept><code value="SA"/></concept><concept><code value="TAS"/></concept><concept><code value="VIC"/></concept><concept><code value="WA"/></concept></include></compose><expansion><identifier value="e9439195-c1d8-4069-a349-98c1d552a351"/><timestamp value="2023-06-20T04:20:58+00:00"/><total value="9"/><offset value="0"/><parameter><name value="version"/><valueUri value="https://healthterminologies.gov.au/fhir/CodeSystem/australian-states-territories-1|1.1.3"/></parameter><parameter><name value="count"/><valueInteger value="2147483647"/></parameter><parameter><name value="offset"/><valueInteger value="0"/></parameter><contains><system value="https://healthterminologies.gov.au/fhir/CodeSystem/australian-states-territories-1"/><code value="ACT"/><display value="Australian Capital Territory"/></contains><contains><system value="https://healthterminologies.gov.au/fhir/CodeSystem/australian-states-territories-1"/><code value="NSW"/><display value="New South Wales"/></contains><contains><system value="https://healthterminologies.gov.au/fhir/CodeSystem/australian-states-territories-1"/><code value="NT"/><display value="Northern Territory"/></contains><contains><system value="https://healthterminologies.gov.au/fhir/CodeSystem/australian-states-territories-1"/><code value="OTHER"/><display value="Other territories"/></contains><contains><system value="https://healthterminologies.gov.au/fhir/CodeSystem/australian-states-territories-1"/><code value="QLD"/><display value="Queensland"/></contains><contains><system value="https://healthterminologies.gov.au/fhir/CodeSystem/australian-states-territories-1"/><code value="SA"/><display value="South Australia"/></contains><contains><system value="https://healthterminologies.gov.au/fhir/CodeSystem/australian-states-territories-1"/><code value="TAS"/><display value="Tasmania"/></contains><contains><system value="https://healthterminologies.gov.au/fhir/CodeSystem/australian-states-territories-1"/><code value="VIC"/><display value="Victoria"/></contains><contains><system value="https://healthterminologies.gov.au/fhir/CodeSystem/australian-states-territories-1"/><code value="WA"/><display value="Western Australia"/></contains></expansion></ValueSet>