<?xml version="1.0" encoding="UTF-8"?><ValueSet xmlns="http://hl7.org/fhir"><id value="PrimaryCarerParentGrandparent"/><text><status value="generated"/><div xmlns="http://www.w3.org/1999/xhtml"><p class="res-header-id"><b>Generated Narrative: ValueSet PrimaryCarerParentGrandparent</b></p><a name="PrimaryCarerParentGrandparent"> </a><a name="hcPrimaryCarerParentGrandparent"> </a><a name="PrimaryCarerParentGrandparent-en-US"> </a><div style="border: black 1px dotted; background-color: #EEEEEE; padding: 8px; margin-bottom: 8px"><p>Expansion based on:</p><ul><li>system NullFlavor version2018-08-12</li><li>system RoleCode version2018-08-12</li></ul></div><p>This value set contains 4 concepts</p><table class="codes"><tr><td style="white-space:nowrap"><b>Code</b></td><td><b>System</b></td><td><b>Display</b></td><td><b>Definition</b></td></tr><tr><td style="white-space:nowrap"><a name="PrimaryCarerParentGrandparent-http://terminology.hl7.org/CodeSystem/v3-RoleCode-MTH"> </a>  <a href="http://terminology.hl7.org/6.0.2/CodeSystem-v3-RoleCode.html#v3-RoleCode-MTH">MTH</a></td><td>http://terminology.hl7.org/CodeSystem/v3-RoleCode</td><td>mother</td><td><div><p>The player of the role is a female who conceives, gives birth to, or raises and nurtures the scoping entity (child).</p>
</div></td></tr><tr><td style="white-space:nowrap"><a name="PrimaryCarerParentGrandparent-http://terminology.hl7.org/CodeSystem/v3-RoleCode-FTH"> </a>  <a href="http://terminology.hl7.org/6.0.2/CodeSystem-v3-RoleCode.html#v3-RoleCode-FTH">FTH</a></td><td>http://terminology.hl7.org/CodeSystem/v3-RoleCode</td><td>father</td><td><div><p>The player of the role is a male who begets or raises or nurtures the scoping entity (child).</p>
</div></td></tr><tr><td style="white-space:nowrap"><a name="PrimaryCarerParentGrandparent-http://terminology.hl7.org/CodeSystem/v3-RoleCode-GRPRN"> </a>  <a href="http://terminology.hl7.org/6.0.2/CodeSystem-v3-RoleCode.html#v3-RoleCode-GRPRN">GRPRN</a></td><td>http://terminology.hl7.org/CodeSystem/v3-RoleCode</td><td>grandparent</td><td><div><p>The player of the role is a parent of the scoping person's mother or father.</p>
</div></td></tr><tr><td style="white-space:nowrap"><a name="PrimaryCarerParentGrandparent-http://terminology.hl7.org/CodeSystem/v3-NullFlavor-NA"> </a>  <a href="http://terminology.hl7.org/6.0.2/CodeSystem-v3-NullFlavor.html#v3-NullFlavor-NA">NA</a></td><td>http://terminology.hl7.org/CodeSystem/v3-NullFlavor</td><td>not applicable</td><td><div><p>Known to have no proper value (e.g., last menstrual period for a male).</p>
</div></td></tr></table></div></text><url value="https://smartforms.csiro.au/ig/ValueSet/PrimaryCarerParentGrandparent"/><version value="0.2.0"/><name value="PrimaryCarerParentGrandparent"/><title value="Primary Carer Of Parent Or Grandparent"/><status value="draft"/><experimental value="false"/><date value="2024-10-25T12:49:36+10:00"/><publisher value="AEHRC CSIRO"/><contact><name value="AEHRC CSIRO"/><telecom><system value="url"/><value value="https://confluence.csiro.au/display/PCDQFPhase2/Primary+Care+Data+Quality+Foundations+-+Phase+2"/></telecom></contact><description value="The Primary Carer Of Parent Or Grandparent value set includes values that can indicate whether a primary carer is one of the parents or a grandparent."/><copyright value="Copyright © 2022+ Australian Government Department of Health and Aged Care - All rights reserved. This content is licensed under a Creative Commons Attribution-ShareAlike 4.0 International License. See https://creativecommons.org/licenses/by-sa/4.0/."/><compose><include><system value="http://terminology.hl7.org/CodeSystem/v3-RoleCode"/><concept><code value="MTH"/></concept><concept><code value="FTH"/></concept><concept><code value="GRPRN"/></concept></include><include><system value="http://terminology.hl7.org/CodeSystem/v3-NullFlavor"/><concept><code value="NA"/></concept></include></compose><expansion><identifier value="2809c2fa-28ec-4def-9b16-93a611d29da3"/><timestamp value="2022-10-20T11:42:30+10:00"/><total value="4"/><offset value="0"/><parameter><name value="version"/><valueUri value="http://terminology.hl7.org/CodeSystem/v3-RoleCode|2018-08-12"/></parameter><parameter><name value="version"/><valueUri value="http://terminology.hl7.org/CodeSystem/v3-NullFlavor|2018-08-12"/></parameter><parameter><name value="count"/><valueInteger value="2147483647"/></parameter><parameter><name value="offset"/><valueInteger value="0"/></parameter><contains><system value="http://terminology.hl7.org/CodeSystem/v3-RoleCode"/><version value="2018-08-12"/><code value="MTH"/><display value="mother"/></contains><contains><system value="http://terminology.hl7.org/CodeSystem/v3-RoleCode"/><version value="2018-08-12"/><code value="FTH"/><display value="father"/></contains><contains><system value="http://terminology.hl7.org/CodeSystem/v3-RoleCode"/><version value="2018-08-12"/><code value="GRPRN"/><display value="grandparent"/></contains><contains><system value="http://terminology.hl7.org/CodeSystem/v3-NullFlavor"/><version value="2018-08-12"/><code value="NA"/><display value="not applicable"/></contains></expansion></ValueSet>