<?xml version="1.0" encoding="UTF-8"?>

<ValueSet xmlns="http://hl7.org/fhir">
  <id value="australian-pronouns-1"/>
  <text>
    <status value="generated"/><div xmlns="http://www.w3.org/1999/xhtml"><p class="res-header-id"><b>Generated Narrative: ValueSet australian-pronouns-1</b></p><a name="australian-pronouns-1"> </a><a name="hcaustralian-pronouns-1"> </a><a name="australian-pronouns-1-en-US"> </a><div style="border: black 1px dotted; background-color: #EEEEEE; padding: 8px; margin-bottom: 8px"><p>Expansion based on:</p><ul><li>Loinc v2.77</li><li>system DataAbsentReason version5.0.0-ballot</li></ul></div><p>This value set contains 7 concepts</p><table class="codes"><tr><td style="white-space:nowrap"><b>Code</b></td><td><b>System</b></td><td><b>Display</b></td><td><b>Definition</b></td></tr><tr><td style="white-space:nowrap"><a name="australian-pronouns-1-http://loinc.org-LA29518-0"> </a>  <a href="https://loinc.org/LA29518-0/">LA29518-0</a></td><td>http://loinc.org</td><td>he/him/his/his/himself</td><td><div/></td></tr><tr><td style="white-space:nowrap"><a name="australian-pronouns-1-http://loinc.org-LA29519-8"> </a>  <a href="https://loinc.org/LA29519-8/">LA29519-8</a></td><td>http://loinc.org</td><td>she/her/her/hers/herself</td><td><div/></td></tr><tr><td style="white-space:nowrap"><a name="australian-pronouns-1-http://loinc.org-LA29520-6"> </a>  <a href="https://loinc.org/LA29520-6/">LA29520-6</a></td><td>http://loinc.org</td><td>they/them/their/theirs/themselves</td><td><div/></td></tr><tr><td style="white-space:nowrap"><a name="australian-pronouns-1-http://terminology.hl7.org/CodeSystem/data-absent-reason-asked-declined"> </a>  <a href="http://terminology.hl7.org/6.0.2/CodeSystem-data-absent-reason.html#data-absent-reason-asked-declined">asked-declined</a></td><td>http://terminology.hl7.org/CodeSystem/data-absent-reason</td><td>Asked But Declined</td><td><div><p>The source was asked but declined to answer.</p>
</div></td></tr><tr><td style="white-space:nowrap"><a name="australian-pronouns-1-http://terminology.hl7.org/CodeSystem/data-absent-reason-asked-unknown"> </a>  <a href="http://terminology.hl7.org/6.0.2/CodeSystem-data-absent-reason.html#data-absent-reason-asked-unknown">asked-unknown</a></td><td>http://terminology.hl7.org/CodeSystem/data-absent-reason</td><td>Asked But Unknown</td><td><div><p>The source was asked but does not know the value.</p>
</div></td></tr><tr><td style="white-space:nowrap"><a name="australian-pronouns-1-http://terminology.hl7.org/CodeSystem/data-absent-reason-not-asked"> </a>  <a href="http://terminology.hl7.org/6.0.2/CodeSystem-data-absent-reason.html#data-absent-reason-not-asked">not-asked</a></td><td>http://terminology.hl7.org/CodeSystem/data-absent-reason</td><td>Not Asked</td><td><div><p>The workflow didn't lead to this value being known.</p>
</div></td></tr><tr><td style="white-space:nowrap"><a name="australian-pronouns-1-http://terminology.hl7.org/CodeSystem/data-absent-reason-unknown"> </a>  <a href="http://terminology.hl7.org/6.0.2/CodeSystem-data-absent-reason.html#data-absent-reason-unknown">unknown</a></td><td>http://terminology.hl7.org/CodeSystem/data-absent-reason</td><td>Unknown</td><td><div><p>The value is expected to exist but is not known.</p>
</div></td></tr></table></div>
  </text>
  <url value="https://healthterminologies.gov.au/fhir/ValueSet/australian-pronouns-1"/>
  <identifier>
    <system value="urn:ietf:rfc:3986"/>
    <value value="urn:oid:1.2.36.1.2001.1004.201.10284"/>
  </identifier>
  <version value="1.0.0"/>
  <name value="AustralianPronouns"/>
  <title value="Australian Pronouns"/>
  <status value="active"/>
  <experimental value="false"/>
  <date value="2024-02-29"/>
  <publisher value="Australian Digital Health Agency"/>
  <contact>
    <telecom>
      <system value="email"/>
      <value value="help@digitalhealth.gov.au"/>
    </telecom>
  </contact>
  <description value="The Australian Pronouns value set includes values that indicate the pronouns to be used when communicating with or about an individual."/>
  <copyright value="Copyright © 2024 Australian Digital Health Agency - All rights reserved. Except for the material identified below, this content is licensed under a Creative Commons Attribution 4.0 International License. See https://creativecommons.org/licenses/by/4.0/. &#xA;&#xA;This material contains content from LOINC (http://loinc.org). LOINC is copyright 1995-2024, Regenstrief Institute, Inc. and the Logical Observation Identifiers Names and Codes (LOINC) Committee and is available at no cost under the license at http://loinc.org/license. LOINC® is a registered United States trademark of Regenstrief Institute, Inc.&#xA;&#xA;This material contains information which is protected by copyright. You may download, display, print and reproduce any material for your personal, non-commercial use or use within your organisation subject to the following terms and conditions: &#xA;&#xA;This resource also includes all or a portion of material from the HL7 Terminology (THO). THO is copyright ©1989+ Health Level Seven International and is made available under the CC0 designation. For more licensing information see: https://terminology.hl7.org/license."/>
  <compose>
    <include>
      <system value="http://loinc.org"/>
      <concept>
        <code value="LA29518-0"/>
        <display value="he/him/his/his/himself"/>
      </concept>
      <concept>
        <code value="LA29519-8"/>
        <display value="she/her/her/hers/herself"/>
      </concept>
      <concept>
        <code value="LA29520-6"/>
        <display value="they/them/their/theirs/themselves"/>
      </concept>
    </include>
    <include>
      <system value="http://terminology.hl7.org/CodeSystem/data-absent-reason"/>
      <concept>
        <code value="unknown"/>
      </concept>
      <concept>
        <code value="asked-declined"/>
      </concept>
      <concept>
        <code value="not-asked"/>
      </concept>
      <concept>
        <code value="asked-unknown"/>
      </concept>
    </include>
  </compose>
  <expansion>
    <identifier value="urn:uuid:ca145c1c-4915-4957-888a-39e69de8b1ad"/>
    <timestamp value="2024-04-02T14:25:01+10:00"/>
    <total value="7"/>
    <parameter>
      <name value="version"/>
      <valueUri value="http://loinc.org|2.77"/>
    </parameter>
    <parameter>
      <name value="used-codesystem"/>
      <valueUri value="http://loinc.org|2.77"/>
    </parameter>
    <parameter>
      <name value="version"/>
      <valueUri value="http://terminology.hl7.org/CodeSystem/data-absent-reason|5.0.0-ballot"/>
    </parameter>
    <parameter>
      <name value="used-codesystem"/>
      <valueUri value="http://terminology.hl7.org/CodeSystem/data-absent-reason|5.0.0-ballot"/>
    </parameter>
    <contains>
      <system value="http://loinc.org"/>
      <version value="2.77"/>
      <code value="LA29518-0"/>
      <display value="he/him/his/his/himself"/>
    </contains>
    <contains>
      <system value="http://loinc.org"/>
      <version value="2.77"/>
      <code value="LA29519-8"/>
      <display value="she/her/her/hers/herself"/>
    </contains>
    <contains>
      <system value="http://loinc.org"/>
      <version value="2.77"/>
      <code value="LA29520-6"/>
      <display value="they/them/their/theirs/themselves"/>
    </contains>
    <contains>
      <system value="http://terminology.hl7.org/CodeSystem/data-absent-reason"/>
      <version value="5.0.0-ballot"/>
      <code value="asked-declined"/>
      <display value="Asked But Declined"/>
    </contains>
    <contains>
      <system value="http://terminology.hl7.org/CodeSystem/data-absent-reason"/>
      <version value="5.0.0-ballot"/>
      <code value="asked-unknown"/>
      <display value="Asked But Unknown"/>
    </contains>
    <contains>
      <system value="http://terminology.hl7.org/CodeSystem/data-absent-reason"/>
      <version value="5.0.0-ballot"/>
      <code value="not-asked"/>
      <display value="Not Asked"/>
    </contains>
    <contains>
      <system value="http://terminology.hl7.org/CodeSystem/data-absent-reason"/>
      <version value="5.0.0-ballot"/>
      <code value="unknown"/>
      <display value="Unknown"/>
    </contains>
  </expansion>
</ValueSet>