<?xml version="1.0" encoding="UTF-8"?>

<ValueSet xmlns="http://hl7.org/fhir">
  <id value="clinical-condition-1"/>
  <meta>
    <profile value="http://hl7.org/fhir/StructureDefinition/shareablevalueset"/>
    <profile value="https://healthterminologies.gov.au/fhir/StructureDefinition/composed-value-set-4"/>
  </meta>
  <text>
    <status value="generated"/><div xmlns="http://www.w3.org/1999/xhtml"><p class="res-header-id"><b>Generated Narrative: ValueSet clinical-condition-1</b></p><a name="clinical-condition-1"> </a><a name="hcclinical-condition-1"> </a><a name="clinical-condition-1-en-US"> </a><ul><li>Include codes from<a href="http://www.snomed.org/"><code>http://snomed.info/sct</code></a> where concept  in 32570581000036105 (Problem/Diagnosis reference set)</li></ul></div>
  </text>
  <url value="https://healthterminologies.gov.au/fhir/ValueSet/clinical-condition-1"/>
  <identifier>
    <system value="urn:ietf:rfc:3986"/>
    <value value="urn:oid:1.2.36.1.2001.1004.201.10035"/>
  </identifier>
  <version value="1.0.2"/>
  <name value="ClinicalCondition"/>
  <title value="Clinical Condition"/>
  <status value="active"/>
  <experimental value="false"/>
  <date value="2020-05-31"/>
  <publisher value="Australian Digital Health Agency"/>
  <contact>
    <telecom>
      <system value="email"/>
      <value value="help@digitalhealth.gov.au"/>
    </telecom>
  </contact>
  <description value="The Clinical Condition value set includes values that cover a broad range of clinical concepts to support the representation of conditions, including problems, diagnoses and disorders."/>
  <copyright value="Copyright © 2018 Australian Digital Health Agency - All rights reserved. Except for the material identified below, this content is licensed under a Creative Commons Attribution 4.0 International License. See https://creativecommons.org/licenses/by/4.0/. &#xA;&#xA;This resource includes SNOMED Clinical Terms™ (SNOMED CT®) which is used by permission of the International Health Terminology Standards Development Organisation (IHTSDO). All rights reserved. SNOMED CT®, was originally created by The College of American Pathologists. “SNOMED” and “SNOMED CT” are registered trademarks of the IHTSDO. &#xA;&#xA;The rights to use and implement or implementation of SNOMED CT content are limited to the extent it is necessary to allow for the end use of this material.  No further rights are granted in respect of the International Release and no further use of any SNOMED CT content by any other party is permitted. &#xA;&#xA;All copies of this resource must include this copyright statement and all information contained in this statement."/>
  <compose>
    <include>
      <system value="http://snomed.info/sct"/>
      <filter>
        <property value="concept"/>
        <op value="in"/>
        <value value="32570581000036105"/>
      </filter>
    </include>
  </compose>
</ValueSet>