<?xml version="1.0" encoding="UTF-8"?>

<ValueSet xmlns="http://hl7.org/fhir">
  <id value="gender-identity-response-1"/>
  <text>
    <status value="generated"/><div xmlns="http://www.w3.org/1999/xhtml"><p class="res-header-id"><b>Generated Narrative: ValueSet gender-identity-response-1</b></p><a name="gender-identity-response-1"> </a><a name="hcgender-identity-response-1"> </a><a name="gender-identity-response-1-en-US"> </a><div style="border: black 1px dotted; background-color: #EEEEEE; padding: 8px; margin-bottom: 8px"><p>Expansion based on:</p><ul><li>SNOMED CT Australian edition 31-Mar 2024</li><li>system DataAbsentReason version5.0.0-ballot</li></ul></div><p>This value set contains 6 concepts</p><table class="codes"><tr><td style="white-space:nowrap"><b>Code</b></td><td><b>System</b></td><td><b>Display</b></td><td><b>Definition</b></td></tr><tr><td style="white-space:nowrap"><a name="gender-identity-response-1-http://snomed.info/sct-446151000124109"> </a>  <a href="http://snomed.info/id/446151000124109">446151000124109</a></td><td>http://snomed.info/sct</td><td>Identifies as male gender</td><td><div/></td></tr><tr><td style="white-space:nowrap"><a name="gender-identity-response-1-http://snomed.info/sct-446141000124107"> </a>  <a href="http://snomed.info/id/446141000124107">446141000124107</a></td><td>http://snomed.info/sct</td><td>Identifies as female gender</td><td><div/></td></tr><tr><td style="white-space:nowrap"><a name="gender-identity-response-1-http://snomed.info/sct-33791000087105"> </a>  <a href="http://snomed.info/id/33791000087105">33791000087105</a></td><td>http://snomed.info/sct</td><td>Identifies as nonbinary gender</td><td><div/></td></tr><tr><td style="white-space:nowrap"><a name="gender-identity-response-1-http://terminology.hl7.org/CodeSystem/data-absent-reason-unknown"> </a>  <a href="http://terminology.hl7.org/6.0.2/CodeSystem-data-absent-reason.html#data-absent-reason-unknown">unknown</a></td><td>http://terminology.hl7.org/CodeSystem/data-absent-reason</td><td>Unknown</td><td><div><p>The value is expected to exist but is not known.</p>
</div></td></tr><tr><td style="white-space:nowrap"><a name="gender-identity-response-1-http://terminology.hl7.org/CodeSystem/data-absent-reason-asked-declined"> </a>  <a href="http://terminology.hl7.org/6.0.2/CodeSystem-data-absent-reason.html#data-absent-reason-asked-declined">asked-declined</a></td><td>http://terminology.hl7.org/CodeSystem/data-absent-reason</td><td>Asked But Declined</td><td><div><p>The source was asked but declined to answer.</p>
</div></td></tr><tr><td style="white-space:nowrap"><a name="gender-identity-response-1-http://terminology.hl7.org/CodeSystem/data-absent-reason-not-asked"> </a>  <a href="http://terminology.hl7.org/6.0.2/CodeSystem-data-absent-reason.html#data-absent-reason-not-asked">not-asked</a></td><td>http://terminology.hl7.org/CodeSystem/data-absent-reason</td><td>Not Asked</td><td><div><p>The workflow didn't lead to this value being known.</p>
</div></td></tr></table></div>
  </text>
  <url value="https://healthterminologies.gov.au/fhir/ValueSet/gender-identity-response-1"/>
  <identifier>
    <system value="urn:ietf:rfc:3986"/>
    <value value="urn:oid:1.2.36.1.2001.1004.201.10271"/>
  </identifier>
  <version value="1.1.0"/>
  <name value="GenderIdentityResponse"/>
  <title value="Gender Identity Response"/>
  <status value="active"/>
  <experimental value="false"/>
  <date value="2024-02-29"/>
  <publisher value="Australian Digital Health Agency"/>
  <contact>
    <telecom>
      <system value="email"/>
      <value value="help@digitalhealth.gov.au"/>
    </telecom>
  </contact>
  <description value="The Gender Identity Response value set includes values that may be used to represent a response for an individual's gender. A person's gender is a social and cultural identity, expression and experience."/>
  <copyright value="Copyright © 2022 Australian Digital Health Agency - All rights reserved. Except for the material identified below, this content is licensed under a Creative Commons Attribution 4.0 International License. See https://creativecommons.org/licenses/by/4.0/.&#xA;&#xA;&quot;This resource includes SNOMED Clinical Terms™ (SNOMED CT®) which is used by permission of the International Health Terminology Standards Development Organisation (IHTSDO). All rights reserved. SNOMED CT®, was originally created by The College of American Pathologists. “SNOMED” and “SNOMED CT” are registered trademarks of the IHTSDO. &#xA;&#xA;The rights to use and implement or implementation of SNOMED CT content are limited to the extent it is necessary to allow for the end use of this material.  No further rights are granted in respect of the International Release and no further use of any SNOMED CT content by any other party is permitted. &#xA;&#xA;This resource includes material that is based on Australian Institute of Health and Welfare material. This resource includes material that is based on Australian Bureau of Statistics data. &#xA;&#xA;This resource also includes all or a portion of material from the HL7 Terminology (THO). THO is copyright ©1989+ Health Level Seven International and is made available under the CC0 designation. For more licensing information see: https://terminology.hl7.org/license."/>
  <compose>
    <include>
      <system value="http://snomed.info/sct"/>
      <concept>
        <code value="446151000124109"/>
      </concept>
      <concept>
        <code value="446141000124107"/>
      </concept>
      <concept>
        <code value="33791000087105"/>
      </concept>
    </include>
    <include>
      <system value="http://terminology.hl7.org/CodeSystem/data-absent-reason"/>
      <concept>
        <code value="unknown"/>
      </concept>
      <concept>
        <code value="asked-declined"/>
      </concept>
      <concept>
        <code value="not-asked"/>
      </concept>
    </include>
  </compose>
  <expansion>
    <identifier value="urn:uuid:a35fc104-184f-476e-a7a2-e3f3af66a3eb"/>
    <timestamp value="2024-04-02T14:21:20+10:00"/>
    <total value="6"/>
    <parameter>
      <name value="version"/>
      <valueUri value="http://snomed.info/sct|http://snomed.info/sct/32506021000036107/version/20240331"/>
    </parameter>
    <parameter>
      <name value="used-codesystem"/>
      <valueUri value="http://snomed.info/sct|http://snomed.info/sct/32506021000036107/version/20240331"/>
    </parameter>
    <parameter>
      <name value="version"/>
      <valueUri value="http://terminology.hl7.org/CodeSystem/data-absent-reason|5.0.0-ballot"/>
    </parameter>
    <parameter>
      <name value="used-codesystem"/>
      <valueUri value="http://terminology.hl7.org/CodeSystem/data-absent-reason|5.0.0-ballot"/>
    </parameter>
    <contains>
      <system value="http://snomed.info/sct"/>
      <version value="http://snomed.info/sct/32506021000036107/version/20240331"/>
      <code value="446151000124109"/>
      <display value="Identifies as male gender"/>
    </contains>
    <contains>
      <system value="http://snomed.info/sct"/>
      <version value="http://snomed.info/sct/32506021000036107/version/20240331"/>
      <code value="446141000124107"/>
      <display value="Identifies as female gender"/>
    </contains>
    <contains>
      <system value="http://snomed.info/sct"/>
      <version value="http://snomed.info/sct/32506021000036107/version/20240331"/>
      <code value="33791000087105"/>
      <display value="Identifies as nonbinary gender"/>
    </contains>
    <contains>
      <system value="http://terminology.hl7.org/CodeSystem/data-absent-reason"/>
      <version value="5.0.0-ballot"/>
      <code value="unknown"/>
      <display value="Unknown"/>
    </contains>
    <contains>
      <system value="http://terminology.hl7.org/CodeSystem/data-absent-reason"/>
      <version value="5.0.0-ballot"/>
      <code value="asked-declined"/>
      <display value="Asked But Declined"/>
    </contains>
    <contains>
      <system value="http://terminology.hl7.org/CodeSystem/data-absent-reason"/>
      <version value="5.0.0-ballot"/>
      <code value="not-asked"/>
      <display value="Not Asked"/>
    </contains>
  </expansion>
</ValueSet>