<?xml version="1.0" encoding="UTF-8"?>

<CapabilityStatement xmlns="http://hl7.org/fhir">
  <id value="SmartFormsApplication"/>
  <text>
    <status value="extensions"/><div xmlns="http://www.w3.org/1999/xhtml"> <h2>Smart Forms Application Capability Statement</h2> <ul> <li>Kind of capability statement: capability</li><li>FHIR Version: 4.0.1</li><li>Supported Formats: <code>json</code></li><li>Published by: AEHRC CSIRO</li></ul> <blockquote class="impl-note"> <p><strong>Note to Implementers: FHIR Capabilities</strong></p><p>Additional FHIR capabilities may be 'allowed' by the system. Only the capabilities relevant to Smart Forms have been included in this capability statement.</p></blockquote> <h3 id="IGs">Supports the Following Implementation Guides</h3> <ul> <li><a href="http://hl7.org/fhir/smart-app-launch/STU2.1/">SMART App Launch</a> </li></ul> <h3 id="CSs">Implements a Subset of the Following Capability Statements:</h3> <ul> <li><a href="http://hl7.org/fhir/uv/sdc/STU3/CapabilityStatement-sdc-form-filler.html">SDC Form Filler</a> </li></ul> <h2 id="rest">FHIR RESTful Capabilities</h2> <div class="panel panel-default"> <div class="panel-heading"> <h3 id="mode1" class="panel-title">Mode: <code>client</code></h3> </div><div class="panel-body"> <div> <p>The Smart Forms Application performs interactions to support SMART App Launch, form prepopulation and form filling.</p></div><div class="lead"><em>Security</em></div><blockquote> <div> <ul><li>TBD requirements and deployment considerations.</li><li>See the <a href="http://hl7.org/fhir/uv/sdc/STU3/security.html">Structured Data Capture Security Details</a> section for general considerations and recommendations.</li></ul> <p/></div></blockquote> <div class="lead"><em>Summary of System-wide Interactions</em></div><blockquote> <div> <ul> <li>Supports the <code>transaction</code> interaction.</li><li>Supports the <code>batch</code> interaction.</li></ul> </div></blockquote> </div></div><h3 id="resourcesCap1">Capabilities by Resource/Profile</h3> <h4 id="resourcesSummary1">Summary</h4> <p>The summary table lists the resources that are part of this configuration, and for each resource it lists:</p><ul> <li>The relevant profiles (if any)</li><li>The interactions supported by each resource (<b><span class="bg-info">R</span></b>ead, <b><span class="bg-info">S</span></b>earch, <b><span class="bg-info">U</span></b>pdate, and <b><span class="bg-info">C</span></b>reate, are always shown, while <b><span class="bg-info">VR</span></b>ead, <b><span class="bg-info">P</span></b>atch, <b><span class="bg-info">D</span></b>elete, <b><span class="bg-info">H</span></b>istory on <b><span class="bg-info">I</span></b>nstance, or <b><span class="bg-info">H</span></b>istory on <b><span class="bg-info">T</span></b>ype are only present if at least one of the resources has support for them.</li><li><span>The required, recommended, and some optional search parameters (if any). </span></li><li>The linked resources enabled for <code>_include</code></li><li>The other resources enabled for <code>_revinclude</code></li><li>The operations on the resource (if any)</li></ul> <div class="table-responsive"> <table class="table table-condensed table-hover"> <thead> <tr> <th><b>Resource Type</b></th> <th><b>Profile</b></th> <th class="text-center"><b title="GET a resource (read interaction)">R</b></th> <th class="text-center"><b title="GET all set of resources of the type (search interaction)">S</b></th> <th class="text-center"><b title="PUT a new resource version (update interaction)">U</b></th> <th class="text-center"><b title="POST a new resource (create interaction)">C</b></th> <th><b title="Required and recommended search parameters">Searches</b></th> <th><code><b>_include</b></code></th> <th><code><b>_revinclude</b></code></th> <th><b>Operations</b></th> </tr></thead> <tbody> <tr> <td><a href="#Patient1">Patient</a></td><td><a href="http://hl7.org/fhir/R4/patient.html">http://hl7.org/fhir/StructureDefinition/Patient</a><br/> <em>Additional supported profiles:</em> <ul> <li><a href="http://hl7.org.au/fhir/core/0.3.0-ballot/StructureDefinition-au-core-patient.html">http://hl7.org.au/fhir/core/StructureDefinition/au-core-patient</a></li></ul> </td><td class="text-center">y</td><td class="text-center"/><td class="text-center"/><td class="text-center"/><td/><td/><td/><td/></tr><tr> <td><a href="#Practitioner1">Practitioner</a></td><td><a href="http://hl7.org/fhir/R4/practitioner.html">http://hl7.org/fhir/StructureDefinition/Practitioner</a><br/> <em>Additional supported profiles:</em> <ul> <li><a href="http://hl7.org.au/fhir/core/0.3.0-ballot/StructureDefinition-au-core-practitioner.html">http://hl7.org.au/fhir/core/StructureDefinition/au-core-practitioner</a></li></ul> </td><td class="text-center">y</td><td class="text-center"/><td class="text-center"/><td class="text-center"/><td/><td/><td/><td/></tr><tr> <td><a href="#Encounter1">Encounter</a></td><td><a href="http://hl7.org/fhir/R4/encounter.html">http://hl7.org/fhir/StructureDefinition/Encounter</a><br/> <em>Additional supported profiles:</em> <ul> <li><a href="http://hl7.org.au/fhir/core/0.3.0-ballot/StructureDefinition-au-core-encounter.html">http://hl7.org.au/fhir/core/StructureDefinition/au-core-encounter</a></li></ul> </td><td class="text-center">y</td><td class="text-center"/><td class="text-center"/><td class="text-center"/><td/><td/><td/><td/></tr><tr> <td><a href="#Condition1">Condition</a></td><td><a href="http://hl7.org/fhir/R4/condition.html">http://hl7.org/fhir/StructureDefinition/Condition</a><br/> <em>Additional supported profiles:</em> <ul> <li><a href="http://hl7.org.au/fhir/core/0.3.0-ballot/StructureDefinition-au-core-condition.html">http://hl7.org.au/fhir/core/StructureDefinition/au-core-condition</a></li></ul> </td><td class="text-center"/><td class="text-center">y</td><td class="text-center"/><td class="text-center"/><td>patient, clinical-status, patient+clinical-status</td><td/><td/><td/></tr><tr> <td><a href="#Observation1">Observation</a></td><td><em>Supported profiles:</em> <ul> <li><a href="http://hl7.org.au/fhir/core/0.3.0-ballot/StructureDefinition-au-core-smokingstatus.html">http://hl7.org.au/fhir/core/StructureDefinition/au-core-smokingstatus</a> </li><li><a href="http://hl7.org.au/fhir/core/0.3.0-ballot/StructureDefinition-au-core-bodyheight.html">http://hl7.org.au/fhir/core/StructureDefinition/au-core-bodyheight</a> </li><li><a href="http://hl7.org.au/fhir/core/0.3.0-ballot/StructureDefinition-au-core-bodyweight.html">http://hl7.org.au/fhir/core/StructureDefinition/au-core-bodyweight</a> </li><li><a href="http://hl7.org.au/fhir/core/0.2.2-preview/StructureDefinition-au-core-headcircum.html">http://hl7.org.au/fhir/core/StructureDefinition/au-core-headcircum|0.2.2-preview</a> </li><li><a href="http://hl7.org.au/fhir/core/0.3.0-ballot/StructureDefinition-au-core-waistcircum.html">http://hl7.org.au/fhir/core/StructureDefinition/au-core-waistcircum</a> </li><li><a href="http://hl7.org.au/fhir/core/0.3.0-ballot/StructureDefinition-au-core-bloodpressure.html">http://hl7.org.au/fhir/core/StructureDefinition/au-core-bloodpressure</a> </li><li><a href="http://hl7.org.au/fhir/core/0.3.0-ballot/StructureDefinition-au-core-heartrate.html">http://hl7.org.au/fhir/core/StructureDefinition/au-core-heartrate</a> </li><li><a href="http://hl7.org.au/fhir/core/0.2.2-preview/StructureDefinition-au-core-lipid-result.html">http://hl7.org.au/fhir/core/StructureDefinition/au-core-lipid-result|0.2.2-preview</a> </li></ul> </td><td/><td class="text-center">y</td><td class="text-center"/><td class="text-center"/><td>code, patient, _count, _sort, code+patient+_count+_sort</td><td/><td/><td/></tr><tr> <td><a href="#Questionnaire1">Questionnaire</a></td><td><a href="http://hl7.org/fhir/uv/sdc/STU3/StructureDefinition-sdc-questionnaire.html">http://hl7.org/fhir/uv/sdc/StructureDefinition/sdc-questionnaire</a> </td><td class="text-center"/><td class="text-center">y</td><td class="text-center"/><td class="text-center">y</td><td>url, version, title, _count, _sort, url+version, _count+_sort, title+_count+_sort</td><td/><td/><td><code>$assemble</code>, <code>$populate</code></td></tr><tr> <td><a href="#QuestionnaireResponse1">QuestionnaireResponse</a></td><td><a href="http://hl7.org/fhir/uv/sdc/STU3/StructureDefinition-sdc-questionnaireresponse.html">http://hl7.org/fhir/uv/sdc/StructureDefinition/sdc-questionnaireresponse</a> </td><td class="text-center">y</td><td class="text-center">y</td><td class="text-center">y</td><td class="text-center">y</td><td>patient, questionnaire, questionnaire.title, status, _count, _sort, patient+_count+_sort, patient+questionnaire+_count+_sort, patient+questionnaire.title+_count+_sort, patient+status+_count+_sort</td><td/><td/><td/></tr><tr> <td><a href="#ValueSet1">ValueSet</a></td><td><a href="https://hl7.org/fhir/r4/valueset.html">http://hl7.org/fhir/StructureDefinition/ValueSet</a> </td><td class="text-center"/><td class="text-center"/><td class="text-center"/><td class="text-center"/><td/><td/><td/><td><code>$expand</code></td></tr></tbody> </table> </div><hr/> <div class="panel panel-default"> <div class="panel-heading"> <h4 id="Patient1" class="panel-title">Patient</h4> </div><div class="panel-body"> <div class="container"> <div class="row"> <div class="col-lg-6"><span class="lead">Base System Profile</span><br/> <a href="http://hl7.org/fhir/R4/patient.html">http://hl7.org/fhir/StructureDefinition/Patient</a> </div></div><div class="row"> <div class="col-6"><span class="lead">Supported Profiles</span> <ul> <li><a href="http://hl7.org.au/fhir/core/0.3.0-ballot/StructureDefinition-au-core-patient.html">http://hl7.org.au/fhir/core/StructureDefinition/au-core-patient</a> </li></ul> </div></div><div class="row"> <div class="col-lg-6"><span class="lead">Interaction summary</span><br/> <ul> <li>Supports <code>read</code>.</li></ul> </div></div></div></div></div><div class="panel panel-default"> <div class="panel-heading"> <h4 id="Practitioner1" class="panel-title">Practitioner</h4> </div><div class="panel-body"> <div class="container"> <div class="row"> <div class="col-lg-6"><span class="lead">Base System Profile</span><br/> <a href="http://hl7.org/fhir/R4/practitioner.html">http://hl7.org/fhir/StructureDefinition/Practitioner</a> </div></div><div class="row"> <div class="col-6"><span class="lead">Supported Profiles</span> <ul> <li><a href="http://hl7.org.au/fhir/core/0.3.0-ballot/StructureDefinition-au-core-practitioner.html">http://hl7.org.au/fhir/core/StructureDefinition/au-core-practitioner</a> </li></ul> </div></div><div class="row"> <div class="col-lg-6"><span class="lead">Interaction summary</span><br/> <ul> <li>Supports <code>read</code>.</li></ul> </div></div></div></div></div><div class="panel panel-default"> <div class="panel-heading"> <h4 id="Encounter1" class="panel-title">Encounter</h4> </div><div class="panel-body"> <div class="container"> <div class="row"> <div class="col-lg-6"><span class="lead">Base System Profile</span><br/> <a href="http://hl7.org/fhir/R4/encounter.html">http://hl7.org/fhir/StructureDefinition/Encounter</a> </div></div><div class="row"> <div class="col-6"><span class="lead">Supported Profiles</span> <ul> <li><a href="http://hl7.org.au/fhir/core/0.3.0-ballot/StructureDefinition-au-core-encounter.html">http://hl7.org.au/fhir/core/StructureDefinition/au-core-encounter</a> </li></ul> </div></div><div class="row"> <div class="col-lg-6"><span class="lead">Interaction summary</span><br/> <ul> <li>Supports <code>read</code>.</li></ul> </div></div></div></div></div><div class="panel panel-default"> <div class="panel-heading"> <h4 id="Condition1" class="panel-title">Condition</h4> </div><div class="panel-body"> <div class="container"> <div class="row"> <div class="col-lg-6"><span class="lead">Base System Profile</span><br/> <a href="http://hl7.org/fhir/R4/condition.html">http://hl7.org/fhir/StructureDefinition/Condition</a> </div></div><div class="row"> <div class="col-6"><span class="lead">Supported Profiles</span> <ul> <li><a href="http://hl7.org.au/fhir/core/0.3.0-ballot/StructureDefinition-au-core-condition.html">http://hl7.org.au/fhir/core/StructureDefinition/au-core-condition</a> </li></ul> </div></div><div class="row"> <div class="col-lg-6"><span class="lead">Interaction summary</span><br/> <ul> <li>Supports <code>search-type</code>.</li></ul> </div></div><div class="row"> <div class="col-lg-7"><span class="lead">Search Parameters</span> <table class="table table-condensed table-hover"> <thead> <tr> <th>Parameter</th> <th>Type</th> <th>Documentation</th> </tr></thead> <tbody> <tr> <td><a href="http://hl7.org/fhir/R4/condition.html#search">patient</a></td><td><code>reference</code></td><td> <div> <p>The client <strong>SHALL</strong> provide at least a id value and <strong>MAY</strong> provide both the Type and id values. The server <strong>SHALL</strong> support both. </p></div></td></tr><tr> <td><a href="http://hl7.org/fhir/R4/condition.html#search">clinical-status</a></td><td><code>token</code></td><td> <div> <p>The client <strong>SHALL</strong> provide at least a code value and <strong>MAY</strong> provide both the code and system values. The server <strong>SHALL</strong> support both.</p></div></td></tr></tbody> </table> </div><div class="col-lg-5"><span class="lead">Combined Search Parameters</span> <table class="table table-condensed table-hover"> <thead> <tr> <th>Parameters</th> <th>Types</th> </tr></thead> <tbody> <tr> <td><a href="http://hl7.org/fhir/R4/condition.html#search">patient</a>+ <a href="http://hl7.org/fhir/R4/condition.html#search">clinical-status</a> </td><td><code>reference</code>+<code>token</code></td></tr></tbody> </table> </div></div></div></div></div><div class="panel panel-default"> <div class="panel-heading"> <h4 id="Observation1" class="panel-title">Observation</h4> </div><div class="panel-body"> <div class="container"> <div class="row"> <div class="col-6"><span class="lead">Supported Profiles</span> <ul> <li><a href="http://hl7.org.au/fhir/core/0.3.0-ballot/StructureDefinition-au-core-smokingstatus.html">http://hl7.org.au/fhir/core/StructureDefinition/au-core-smokingstatus</a> </li><li><a href="http://hl7.org.au/fhir/core/0.3.0-ballot/StructureDefinition-au-core-bodyheight.html">http://hl7.org.au/fhir/core/StructureDefinition/au-core-bodyheight</a> </li><li><a href="http://hl7.org.au/fhir/core/0.3.0-ballot/StructureDefinition-au-core-bodyweight.html">http://hl7.org.au/fhir/core/StructureDefinition/au-core-bodyweight</a> </li><li><a href="http://hl7.org.au/fhir/core/0.2.2-preview/StructureDefinition-au-core-headcircum.html">http://hl7.org.au/fhir/core/StructureDefinition/au-core-headcircum|0.2.2-preview</a> </li><li><a href="http://hl7.org.au/fhir/core/0.3.0-ballot/StructureDefinition-au-core-waistcircum.html">http://hl7.org.au/fhir/core/StructureDefinition/au-core-waistcircum</a> </li><li><a href="http://hl7.org.au/fhir/core/0.3.0-ballot/StructureDefinition-au-core-bloodpressure.html">http://hl7.org.au/fhir/core/StructureDefinition/au-core-bloodpressure</a> </li><li><a href="http://hl7.org.au/fhir/core/0.3.0-ballot/StructureDefinition-au-core-heartrate.html">http://hl7.org.au/fhir/core/StructureDefinition/au-core-heartrate</a> </li><li><a href="http://hl7.org.au/fhir/core/0.2.2-preview/StructureDefinition-au-core-lipid-result.html">http://hl7.org.au/fhir/core/StructureDefinition/au-core-lipid-result|0.2.2-preview</a> </li></ul> </div></div><div class="row"> <div class="col-lg-6"><span class="lead">Interaction summary</span><br/> <ul> <li>Supports <code>search-type</code>.</li></ul> </div></div><div class="row"> <div class="col-lg-7"><span class="lead">Search Parameters</span> <table class="table table-condensed table-hover"> <thead> <tr> <th>Parameter</th> <th>Type</th> <th>Documentation</th> </tr></thead> <tbody> <tr> <td><a href="http://hl7.org/fhir/R4/observation.html#search">patient</a></td><td><code>reference</code></td><td> <div> <p>The client <strong>SHALL</strong> provide at least an id value and <strong>MAY</strong> provide both the Type and id values. The server <strong>SHALL</strong> support both. </p></div></td></tr><tr> <td><a href="http://hl7.org/fhir/R4/observation.html#search">code</a></td><td><code>token</code></td><td> <div> <p>The client <strong>SHALL</strong> provide at least a code value and <strong>MAY</strong> provide both the code and system values. The server <strong>SHALL</strong> support both.</p></div></td></tr><tr> <td><a href="http://hl7.org/fhir/R4/search.html#count">_count</a></td><td><code>number</code></td><td> <div> <p>The client supports search result limiting.</p></div></td></tr><tr> <td><a href="http://hl7.org/fhir/R4/search.html#_sort">_sort</a></td><td><code>string</code></td><td> <div> <p>The client supports search result sorting by date and <strong>MAY</strong> support other values.</p></div></td></tr></tbody> </table> </div><div class="col-lg-5"><span class="lead">Combined Search Parameters</span> <table class="table table-condensed table-hover"> <thead> <tr> <th>Parameters</th> <th>Types</th> </tr></thead> <tbody> <tr> <td><a href="http://hl7.org/fhir/R4/observation.html#search">patient</a>+ <a href="http://hl7.org/fhir/R4/observation.html#search">code</a>+ <a href="http://hl7.org/fhir/R4/search.html#count">_count</a>+ <a href="http://hl7.org/fhir/R4/search.html#_sort">_sort</a> </td><td><code>reference</code>+<code>token</code>+<code>number</code>+<code>string</code></td></tr></tbody> </table> </div></div></div></div></div><div class="panel panel-default"> <div class="panel-heading"> <h4 id="Questionnaire1" class="panel-title">Questionnaire</h4> </div><div class="panel-body"> <div class="container"> <div class="row"> <div class="col-lg-6"><span class="lead">Base System Profile</span><br/><a href="http://hl7.org/fhir/uv/sdc/STU3/StructureDefinition-sdc-questionnaire.html">http://hl7.org/fhir/uv/sdc/StructureDefinition/sdc-questionnaire</a> </div></div><div class="row"> <div class="col-lg-6"><span class="lead">Interaction summary</span><br/> <ul> <li>Supports <code>search-type</code>, <code>create</code>.</li></ul> </div></div><div class="row"> <div class="col-lg-7"><span class="lead">Search Parameters</span> <table class="table table-condensed table-hover"> <thead> <tr> <th>Parameter</th> <th>Type</th> <th>Documentation</th> </tr></thead> <tbody> <tr> <td><a href="http://hl7.org/fhir/R4/questionnaire.html#search">url</a></td><td><code>uri</code></td><td> <div> <p/></div></td></tr><tr> <td><a href="http://hl7.org/fhir/R4/questionnaire.html#search">version</a></td><td><code>token</code></td><td> <div> <p/></div></td></tr><tr> <td><a href="http://hl7.org/fhir/R4/questionnaire.html#search">title</a></td><td><code>string</code></td><td> <div> <p>The client supports search using the :contains modifier.</p></div></td></tr><tr> <td><a href="http://hl7.org/fhir/R4/questionnaire.html#search">_count</a></td><td><code>number</code></td><td> <div> <p>The client supports search result limiting.</p></div></td></tr><tr> <td><a href="http://hl7.org/fhir/R4/questionnaire.html#search">_sort</a></td><td><code>string</code></td><td> <div> <p>The client supports search result sorting by date and <strong>MAY</strong> support other values.</p></div></td></tr></tbody> </table> </div><div class="col-lg-5"><span class="lead">Combined Search Parameters</span> <table class="table table-condensed table-hover"> <thead> <tr> <th>Parameters</th> <th>Types</th> </tr></thead> <tbody> <tr> <td><a href="http://hl7.org/fhir/R4/questionnaire.html#search">url</a>+ <a href="http://hl7.org/fhir/R4/questionnaire.html#search">version</a> </td><td><code>uri</code>+<code>token</code></td></tr><tr> <td><a href="http://hl7.org/fhir/R4/search.html#count">_count</a>+ <a href="http://hl7.org/fhir/R4/search.html#_sort">_sort</a> </td><td><code>number</code>+<code>string</code></td></tr><tr> <td><a href="http://hl7.org/fhir/R4/questionnaire.html#search">title</a>+ <a href="http://hl7.org/fhir/R4/search.html#count">_count</a>+ <a href="http://hl7.org/fhir/R4/search.html#_sort">_sort</a> </td><td><code>string</code>+<code>number</code>+<code>string</code></td></tr></tbody> </table> </div></div><div class="row"> <div class="col-12"><span class="lead">Operations</span> <table class="table table-condensed table-hover"> <thead> <tr> <th>Operation</th> <th>Documentation</th> </tr></thead> <tbody> <tr> <td><a href="http://hl7.org/fhir/uv/sdc/STU3/OperationDefinition-Questionnaire-assemble.html">$assemble</a></td><td> <div> <p/></div></td></tr><tr> <td><a href="http://hl7.org/fhir/uv/sdc/STU3/OperationDefinition-Questionnaire-populate.html">$populate</a></td><td> <div> <p/></div></td></tr></tbody> </table> </div></div></div></div></div><div class="panel panel-default"> <div class="panel-heading"> <h4 id="QuestionnaireResponse1" class="panel-title">QuestionnaireResponse</h4> </div><div class="panel-body"> <div class="container"> <div class="row"> <div class="col-lg-6"><span class="lead">Base System Profile</span><br/><a href="http://hl7.org/fhir/uv/sdc/STU3/StructureDefinition-sdc-questionnaireresponse.html">http://hl7.org/fhir/uv/sdc/StructureDefinition/sdc-questionnaireresponse</a> </div></div><div class="row"> <div class="col-lg-6"><span class="lead">Interaction summary</span><br/> <ul> <li>Supports <code>read</code>, <code>search-type</code>, <code>update</code>, <code>create</code>.</li><li>All search requests <strong>SHALL</strong> at least include the <code>patient</code> parameter.</li></ul> </div></div><div class="row"> <div class="col-lg-7"><span class="lead">Search Parameters</span> <table class="table table-condensed table-hover"> <thead> <tr> <th>Parameter</th> <th>Type</th> <th>Documentation</th> </tr></thead> <tbody> <tr> <td><a href="http://hl7.org/fhir/R4/questionnaireresponse.html#search">patient</a> </td><td><code>reference</code></td><td> <div> <p>The client <strong>SHALL</strong> provide at least a id value and <strong>MAY</strong> provide both the Type and id values. The server <strong>SHALL</strong> support both. </p></div></td></tr><tr> <td><a href="http://hl7.org/fhir/R4/questionnaireresponse.html#search">questionnaire</a> </td><td><code>reference</code></td><td> <div> <p>The client <strong>SHALL</strong> provide at least a id value and <strong>MAY</strong> provide both the Type and id values. The server <strong>SHALL</strong> support both.</p></div></td></tr><tr> <td><a href="http://hl7.org/fhir/R4/questionnaire.html#search">questionnaire.title</a> </td><td><code>string</code></td><td> <div> <p>The client and server <strong>SHALL</strong> support chained search questionnaire.title using the search modifier :contains.</p></div></td></tr><tr> <td><a href="http://hl7.org/fhir/R4/questionnaireresponse.html#search">status</a></td><td><code>token</code></td><td> <div> <p>The client <strong>SHALL</strong> provide at least a code value and <strong>MAY</strong> provide both the code and system values. The server <strong>SHALL</strong> support both.</p></div></td></tr><tr> <td><a href="http://hl7.org/fhir/R4/search.html#count">_count</a></td><td><code>number</code></td><td> <div> <p>The client supports search result limiting.</p></div></td></tr><tr> <td><a href="http://hl7.org/fhir/R4/search.html#_sort">_sort</a></td><td><code>string</code></td><td> <div> <p>The client supports search result sorting by authored and <strong>MAY</strong> support other values.</p></div></td></tr></tbody> </table> </div><div class="col-lg-5"><span class="lead">Combined Search Parameters</span> <table class="table table-condensed table-hover"> <thead> <tr> <th>Parameters</th> <th>Types</th> </tr></thead> <tbody> <tr> <td><a href="https://hl7.org/fhir/R4/questionnaireresponse.html#search">patient</a>+ <a href="http://hl7.org/fhir/R4/search.html#count">_count</a>+ <a href="http://hl7.org/fhir/R4/search.html#sort">_sort</a> </td><td><code>reference</code>+<code>number</code>+<code>string</code></td></tr><tr> <td><a href="https://hl7.org/fhir/R4/questionnaireresponse.html#search">patient</a>+ <a href="https://hl7.org/fhir/R4/questionnaireresponse.html#search">questionnaire</a>+ <a href="http://hl7.org/fhir/R4/search.html#count">_count</a>+ <a href="http://hl7.org/fhir/R4/search.html#sort">_sort</a> </td><td><code>reference</code>+<code>reference</code>+<code>number</code>+<code>string</code></td></tr><tr> <td><a href="https://hl7.org/fhir/R4/questionnaireresponse.html#search">patient</a>+ <a href="https://hl7.org/fhir/R4/questionnaireresponse.html#search">questionnaire.title</a>+ <a href="http://hl7.org/fhir/R4/search.html#count">_count</a>+ <a href="http://hl7.org/fhir/R4/search.html#sort">_sort</a> </td><td><code>reference</code>+<code>string</code>+<code>number</code>+<code>string</code></td></tr><tr> <td><a href="https://hl7.org/fhir/R4/questionnaireresponse.html#search">patient</a>+ <a href="https://hl7.org/fhir/R4/questionnaireresponse.html#search">status</a>+ <a href="http://hl7.org/fhir/R4/search.html#count">_count</a>+ <a href="http://hl7.org/fhir/R4/search.html#sort">_sort</a> </td><td><code>reference</code>+<code>token</code>+<code>number</code>+<code>string</code></td></tr></tbody> </table> </div></div></div></div></div><div class="panel panel-default"> <div class="panel-heading"> <h4 id="ValueSet1" class="panel-title">ValueSet</h4> </div><div class="panel-body"> <div class="container"> <div class="row"> <div class="col-lg-6"><span class="lead">Base System Profile</span><br/> <a href="https://hl7.org/fhir/r4/valueset.html">http://hl7.org/fhir/StructureDefinition/ValueSet</a> </div></div><div class="row"> <div class="col-12"><span class="lead">Operations</span> <table class="table table-condensed table-hover"> <thead> <tr> <th>Operation</th> <th>Documentation</th> </tr></thead> <tbody> <tr> <td><a href="https://hl7.org/fhir/r4/operation-valueset-expand.html">$expand</a></td><td> <div> <p/></div></td></tr></tbody> </table> </div></div></div></div></div></div>
  </text>
  <url value="https://smartforms.csiro.au/ig/CapabilityStatement/SmartFormsApplication"/>
  <version value="0.2.0"/>
  <name value="SmartFormsApplication"/>
  <title value="Smart Forms Application"/>
  <status value="draft"/>
  <experimental value="false"/>
  <date value="2023-06-16"/>
  <publisher value="AEHRC CSIRO"/>
  <contact>
    <name value="AEHRC CSIRO"/>
    <telecom>
      <system value="url"/>
      <value value="https://confluence.csiro.au/display/PCDQFPhase2/Primary+Care+Data+Quality+Foundations+-+Phase+2"/>
    </telecom>
  </contact>
  <description value="This CapabilityStatement describes the capabilities of the Smart Forms Application. These capabilities include supported FHIR profiles, RESTful operations, and search parameters. It covers supported tasks such as SMART App launch context, prepopulation and completion of forms."/>
  <copyright value="Copyright © 2022+ Australian Government Department of Health and Aged Care - All rights reserved. This content is licensed under a Creative Commons Attribution-ShareAlike 4.0 International License. See https://creativecommons.org/licenses/by-sa/4.0/."/>
  <kind value="capability"/>
  <instantiates value="http://hl7.org/fhir/uv/sdc/CapabilityStatement/sdc-form-filler"/>
  <software>
    <name value="Smart Forms Application"/>
  </software>
  <fhirVersion value="4.0.1"/>
  <format value="json"/>
  <implementationGuide value="http://hl7.org/fhir/smart-app-launch/ImplementationGuide/hl7.fhir.uv.smart-app-launch"/>
  <rest>
    <mode value="client"/>
    <documentation value="The Smart Forms Application performs interactions to support SMART App Launch, form prepopulation and form filling. The interactions performed for prepopulation are not listed here as they can vary greatly and are defined in the Questionnaire instance."/>
    <security>
      <cors value="true"/>
      <service>
        <coding>
          <system value="http://terminology.hl7.org/CodeSystem/restful-security-service"/>
          <code value="SMART-on-FHIR"/>
        </coding>
      </service>
      <description value="SMART App Launch supported to allow secure data exchange."/>
    </security>
    <resource>
      <type value="Patient"/>
      <profile value="http://hl7.org/fhir/StructureDefinition/Patient"/>
      <supportedProfile value="http://hl7.org.au/fhir/core/StructureDefinition/au-core-patient"/>
      <interaction>
        <code value="read"/>
      </interaction>
    </resource>
    <resource>
      <type value="Practitioner"/>
      <profile value="http://hl7.org/fhir/StructureDefinition/Practitioner"/>
      <supportedProfile value="http://hl7.org.au/fhir/core/StructureDefinition/au-core-practitioner"/>
      <interaction>
        <code value="read"/>
      </interaction>
    </resource>
    <resource>
      <type value="Encounter"/>
      <profile value="http://hl7.org/fhir/StructureDefinition/Encounter"/>
      <supportedProfile value="http://hl7.org.au/fhir/core/StructureDefinition/au-core-encounter"/>
      <interaction>
        <code value="read"/>
      </interaction>
    </resource>
    <resource>
      <extension url="http://hl7.org/fhir/StructureDefinition/capabilitystatement-search-parameter-combination">
        <extension url="required">
          <valueString value="patient"/>
        </extension>
        <extension url="required">
          <valueString value="clinical-status"/>
        </extension>
      </extension>
      <type value="Condition"/>
      <profile value="http://hl7.org/fhir/StructureDefinition/Condition"/>
      <supportedProfile value="http://hl7.org.au/fhir/core/StructureDefinition/au-core-condition"/>
      <interaction>
        <code value="search-type"/>
      </interaction>
      <searchParam>
        <name value="patient"/>
        <definition value="http://hl7.org/fhir/SearchParameter/clinical-patient"/>
        <type value="reference"/>
        <documentation value="&lt;div&gt;&lt;p&gt;The client &lt;strong&gt;SHALL&lt;/strong&gt; provide at least a id value and &lt;strong&gt;MAY&lt;/strong&gt; provide both the Type and id values. The server &lt;strong&gt;SHALL&lt;/strong&gt; support both.&lt;/p&gt;&lt;/div&gt;"/>
      </searchParam>
      <searchParam>
        <name value="clinical-status"/>
        <definition value="http://hl7.org/fhir/SearchParameter/Condition-clinical-status"/>
        <type value="token"/>
        <documentation value="&lt;div&gt; &lt;p&gt;The client &lt;strong&gt;SHALL&lt;/strong&gt; provide at least a code value and &lt;strong&gt;MAY&lt;/strong&gt; provide both the code and system values. The server &lt;strong&gt;SHALL&lt;/strong&gt; support both.&lt;/p&gt;&lt;/div&gt;"/>
      </searchParam>
    </resource>
    <resource>
      <extension url="http://hl7.org/fhir/StructureDefinition/capabilitystatement-search-parameter-combination">
        <extension url="required">
          <valueString value="patient"/>
        </extension>
        <extension url="required">
          <valueString value="code"/>
        </extension>
        <extension url="required">
          <valueString value="_count"/>
        </extension>
        <extension url="required">
          <valueString value="_sort"/>
        </extension>
      </extension>
      <type value="Observation"/>
      <supportedProfile value="http://hl7.org.au/fhir/core/StructureDefinition/au-core-smokingstatus"/>
      <supportedProfile value="http://hl7.org.au/fhir/core/StructureDefinition/au-core-bodyheight"/>
      <supportedProfile value="http://hl7.org.au/fhir/core/StructureDefinition/au-core-bodyweight"/>
      <supportedProfile value="http://hl7.org.au/fhir/core/StructureDefinition/au-core-headcircum|0.2.2-preview"/>
      <supportedProfile value="http://hl7.org.au/fhir/core/StructureDefinition/au-core-waistcircum"/>
      <supportedProfile value="http://hl7.org.au/fhir/core/StructureDefinition/au-core-bloodpressure"/>
      <supportedProfile value="http://hl7.org.au/fhir/core/StructureDefinition/au-core-heartrate"/>
      <supportedProfile value="http://hl7.org.au/fhir/core/StructureDefinition/au-core-lipid-result|0.2.2-preview"/>
      <interaction>
        <code value="search-type"/>
      </interaction>
      <searchParam>
        <name value="patient"/>
        <definition value="http://hl7.org/fhir/SearchParameter/clinical-patient"/>
        <type value="reference"/>
        <documentation value="&lt;div&gt; &lt;p&gt;The client &lt;strong&gt;SHALL&lt;/strong&gt; provide at least a id value and &lt;strong&gt;MAY&lt;/strong&gt; provide both the Type and id values. The server &lt;strong&gt;SHALL&lt;/strong&gt; support both. &lt;/p&gt;&lt;/div&gt;"/>
      </searchParam>
      <searchParam>
        <name value="code"/>
        <definition value="http://hl7.org/fhir/SearchParameter/clinical-code"/>
        <type value="token"/>
        <documentation value="&lt;div&gt; &lt;p&gt;The client &lt;strong&gt;SHALL&lt;/strong&gt; provide at least a code value and &lt;strong&gt;MAY&lt;/strong&gt; provide both the code and system values. The server &lt;strong&gt;SHALL&lt;/strong&gt; support both.&lt;/p&gt;&lt;/div&gt;"/>
      </searchParam>
      <searchParam>
        <name value="_count"/>
        <type value="number"/>
        <documentation value="&lt;div&gt; &lt;p&gt;The client supports search result limiting.&lt;/p&gt;&lt;/div&gt;"/>
      </searchParam>
      <searchParam>
        <name value="_sort"/>
        <type value="string"/>
        <documentation value="&lt;div&gt; &lt;p&gt;The client supports search result sorting by date and &lt;strong&gt;MAY&lt;/strong&gt; support other values.&lt;/p&gt;&lt;/div&gt;"/>
      </searchParam>
    </resource>
    <resource>
      <extension url="http://hl7.org/fhir/StructureDefinition/capabilitystatement-search-parameter-combination">
        <extension url="required">
          <valueString value="url"/>
        </extension>
        <extension url="required">
          <valueString value="version"/>
        </extension>
      </extension>
      <extension url="http://hl7.org/fhir/StructureDefinition/capabilitystatement-search-parameter-combination">
        <extension url="required">
          <valueString value="_count"/>
        </extension>
        <extension url="required">
          <valueString value="_sort"/>
        </extension>
      </extension>
      <extension url="http://hl7.org/fhir/StructureDefinition/capabilitystatement-search-parameter-combination">
        <extension url="required">
          <valueString value="title"/>
        </extension>
        <extension url="required">
          <valueString value="_count"/>
        </extension>
        <extension url="required">
          <valueString value="_sort"/>
        </extension>
      </extension>
      <type value="Questionnaire"/>
      <profile value="http://hl7.org/fhir/uv/sdc/StructureDefinition/sdc-questionnaire"/>
      <interaction>
        <code value="search-type"/>
      </interaction>
      <interaction>
        <code value="create"/>
      </interaction>
      <searchParam>
        <name value="url"/>
        <definition value="http://hl7.org/fhir/SearchParameter/Questionnaire-url"/>
        <type value="uri"/>
      </searchParam>
      <searchParam>
        <name value="version"/>
        <definition value="http://hl7.org/fhir/SearchParameter/Questionnaire-version"/>
        <type value="token"/>
      </searchParam>
      <searchParam>
        <name value="title"/>
        <definition value="http://hl7.org/fhir/SearchParameter/Questionnaire-title"/>
        <type value="string"/>
        <documentation value="&lt;div&gt; &lt;p&gt;The client supports search using the :contains modifier.&lt;/p&gt;&lt;/div&gt;"/>
      </searchParam>
      <searchParam>
        <name value="_count"/>
        <type value="number"/>
        <documentation value="&lt;div&gt; &lt;p&gt;The client supports search result limiting.&lt;/p&gt;&lt;/div&gt;"/>
      </searchParam>
      <searchParam>
        <name value="_sort"/>
        <type value="string"/>
        <documentation value="&lt;div&gt; &lt;p&gt;The client supports search result sorting by date and &lt;strong&gt;MAY&lt;/strong&gt; support other values.&lt;/p&gt;&lt;/div&gt;"/>
      </searchParam>
      <operation>
        <name value="assemble"/>
        <definition value="http://hl7.org/fhir/uv/sdc/OperationDefinition/Questionnaire-assemble"/>
      </operation>
      <operation>
        <name value="populate"/>
        <definition value="http://hl7.org/fhir/uv/sdc/OperationDefinition/Questionnaire-populate"/>
      </operation>
    </resource>
    <resource>
      <extension url="http://hl7.org/fhir/StructureDefinition/capabilitystatement-search-parameter-combination">
        <extension url="required">
          <valueString value="patient"/>
        </extension>
        <extension url="required">
          <valueString value="_count"/>
        </extension>
        <extension url="required">
          <valueString value="_sort"/>
        </extension>
      </extension>
      <extension url="http://hl7.org/fhir/StructureDefinition/capabilitystatement-search-parameter-combination">
        <extension url="required">
          <valueString value="patient"/>
        </extension>
        <extension url="required">
          <valueString value="_count"/>
        </extension>
        <extension url="required">
          <valueString value="_sort"/>
        </extension>
        <extension url="required">
          <valueString value="questionnaire"/>
        </extension>
      </extension>
      <extension url="http://hl7.org/fhir/StructureDefinition/capabilitystatement-search-parameter-combination">
        <extension url="required">
          <valueString value="patient"/>
        </extension>
        <extension url="required">
          <valueString value="_count"/>
        </extension>
        <extension url="required">
          <valueString value="_sort"/>
        </extension>
        <extension url="required">
          <valueString value="status"/>
        </extension>
      </extension>
      <type value="QuestionnaireResponse"/>
      <profile value="http://hl7.org/fhir/uv/sdc/StructureDefinition/sdc-questionnaireresponse"/>
      <interaction>
        <code value="read"/>
      </interaction>
      <interaction>
        <code value="search-type"/>
      </interaction>
      <interaction>
        <code value="create"/>
      </interaction>
      <interaction>
        <code value="update"/>
      </interaction>
      <searchParam>
        <name value="patient"/>
        <definition value="http://hl7.org/fhir/SearchParameter/QuestionnaireResponse-patient"/>
        <type value="reference"/>
        <documentation value="&lt;div&gt; &lt;p&gt;The client &lt;strong&gt;SHALL&lt;/strong&gt; provide at least a id value and &lt;strong&gt;MAY&lt;/strong&gt; provide both the Type and id values. The server &lt;strong&gt;SHALL&lt;/strong&gt; support both. &lt;/p&gt;&lt;/div&gt;"/>
      </searchParam>
      <searchParam>
        <name value="questionnaire"/>
        <definition value="http://hl7.org/fhir/SearchParameter/QuestionnaireResponse-questionnaire"/>
        <type value="reference"/>
        <documentation value="&lt;div&gt; &lt;p&gt;The client &lt;strong&gt;SHALL&lt;/strong&gt; provide at least a id value and &lt;strong&gt;MAY&lt;/strong&gt; provide both the Type and id values. The server &lt;strong&gt;SHALL&lt;/strong&gt; support both.&lt;/p&gt; &lt;p&gt;The client and server &lt;strong&gt;SHALL&lt;/strong&gt; support chained search questionnaire.title using the :contains modifier.&lt;/p&gt;&lt;/div&gt;"/>
      </searchParam>
      <searchParam>
        <name value="status"/>
        <definition value="http://hl7.org/fhir/SearchParameter/QuestionnaireResponse-status"/>
        <type value="token"/>
        <documentation value="&lt;div&gt; &lt;p&gt;The client &lt;strong&gt;SHALL&lt;/strong&gt; provide at least a code value and &lt;strong&gt;MAY&lt;/strong&gt; provide both the code and system values. The server &lt;strong&gt;SHALL&lt;/strong&gt; support both.&lt;/p&gt;&lt;/div&gt;"/>
      </searchParam>
      <searchParam>
        <name value="_count"/>
        <type value="number"/>
        <documentation value="&lt;div&gt; &lt;p&gt;The client supports search result limiting.&lt;/p&gt;&lt;/div&gt;"/>
      </searchParam>
      <searchParam>
        <name value="_sort"/>
        <type value="string"/>
        <documentation value="&lt;div&gt; &lt;p&gt;The client supports search result sorting by authored and &lt;strong&gt;MAY&lt;/strong&gt; support other values.&lt;/p&gt;&lt;/div&gt;"/>
      </searchParam>
    </resource>
    <resource>
      <type value="ValueSet"/>
      <profile value="http://hl7.org/fhir/StructureDefinition/ValueSet"/>
      <operation>
        <name value="expand"/>
        <definition value="http://hl7.org/fhir/OperationDefinition/ValueSet-expand"/>
      </operation>
    </resource>
    <interaction>
      <code value="transaction"/>
    </interaction>
    <interaction>
      <code value="batch"/>
    </interaction>
  </rest>
</CapabilityStatement>