{
  "resourceType" : "CapabilityStatement",
  "id" : "SmartFormsApplication",
  "text" : {
    "status" : "extensions",
    "div" : "<div xmlns=\"http://www.w3.org/1999/xhtml\"> <h2>Smart Forms Application Capability Statement</h2> <ul> <li>Kind of capability statement: capability</li><li>FHIR Version: 4.0.1</li><li>Supported Formats: <code>json</code></li><li>Published by: AEHRC CSIRO</li></ul> <blockquote class=\"impl-note\"> <p><strong>Note to Implementers: FHIR Capabilities</strong></p><p>Additional FHIR capabilities may be 'allowed' by the system. Only the capabilities relevant to Smart Forms have been included in this capability statement.</p></blockquote> <h3 id=\"IGs\">Supports the Following Implementation Guides</h3> <ul> <li><a href=\"http://hl7.org/fhir/smart-app-launch/STU2.1/\">SMART App Launch</a> </li></ul> <h3 id=\"CSs\">Implements a Subset of the Following Capability Statements:</h3> <ul> <li><a href=\"http://hl7.org/fhir/uv/sdc/STU3/CapabilityStatement-sdc-form-filler.html\">SDC Form Filler</a> </li></ul> <h2 id=\"rest\">FHIR RESTful Capabilities</h2> <div class=\"panel panel-default\"> <div class=\"panel-heading\"> <h3 id=\"mode1\" class=\"panel-title\">Mode: <code>client</code></h3> </div><div class=\"panel-body\"> <div> <p>The Smart Forms Application performs interactions to support SMART App Launch, form prepopulation and form filling.</p></div><div class=\"lead\"><em>Security</em></div><blockquote> <div> <ul><li>TBD requirements and deployment considerations.</li><li>See the <a href=\"http://hl7.org/fhir/uv/sdc/STU3/security.html\">Structured Data Capture Security Details</a> section for general considerations and recommendations.</li></ul> <p/></div></blockquote> <div class=\"lead\"><em>Summary of System-wide Interactions</em></div><blockquote> <div> <ul> <li>Supports the <code>transaction</code> interaction.</li><li>Supports the <code>batch</code> interaction.</li></ul> </div></blockquote> </div></div><h3 id=\"resourcesCap1\">Capabilities by Resource/Profile</h3> <h4 id=\"resourcesSummary1\">Summary</h4> <p>The summary table lists the resources that are part of this configuration, and for each resource it lists:</p><ul> <li>The relevant profiles (if any)</li><li>The interactions supported by each resource (<b><span class=\"bg-info\">R</span></b>ead, <b><span class=\"bg-info\">S</span></b>earch, <b><span class=\"bg-info\">U</span></b>pdate, and <b><span class=\"bg-info\">C</span></b>reate, are always shown, while <b><span class=\"bg-info\">VR</span></b>ead, <b><span class=\"bg-info\">P</span></b>atch, <b><span class=\"bg-info\">D</span></b>elete, <b><span class=\"bg-info\">H</span></b>istory on <b><span class=\"bg-info\">I</span></b>nstance, or <b><span class=\"bg-info\">H</span></b>istory on <b><span class=\"bg-info\">T</span></b>ype are only present if at least one of the resources has support for them.</li><li><span>The required, recommended, and some optional search parameters (if any). </span></li><li>The linked resources enabled for <code>_include</code></li><li>The other resources enabled for <code>_revinclude</code></li><li>The operations on the resource (if any)</li></ul> <div class=\"table-responsive\"> <table class=\"table table-condensed table-hover\"> <thead> <tr> <th><b>Resource Type</b></th> <th><b>Profile</b></th> <th class=\"text-center\"><b title=\"GET a resource (read interaction)\">R</b></th> <th class=\"text-center\"><b title=\"GET all set of resources of the type (search interaction)\">S</b></th> <th class=\"text-center\"><b title=\"PUT a new resource version (update interaction)\">U</b></th> <th class=\"text-center\"><b title=\"POST a new resource (create interaction)\">C</b></th> <th><b title=\"Required and recommended search parameters\">Searches</b></th> <th><code><b>_include</b></code></th> <th><code><b>_revinclude</b></code></th> <th><b>Operations</b></th> </tr></thead> <tbody> <tr> <td><a href=\"#Patient1\">Patient</a></td><td><a href=\"http://hl7.org/fhir/R4/patient.html\">http://hl7.org/fhir/StructureDefinition/Patient</a><br/> <em>Additional supported profiles:</em> <ul> <li><a href=\"http://hl7.org.au/fhir/core/0.3.0-ballot/StructureDefinition-au-core-patient.html\">http://hl7.org.au/fhir/core/StructureDefinition/au-core-patient</a></li></ul> </td><td class=\"text-center\">y</td><td class=\"text-center\"/><td class=\"text-center\"/><td class=\"text-center\"/><td/><td/><td/><td/></tr><tr> <td><a href=\"#Practitioner1\">Practitioner</a></td><td><a href=\"http://hl7.org/fhir/R4/practitioner.html\">http://hl7.org/fhir/StructureDefinition/Practitioner</a><br/> <em>Additional supported profiles:</em> <ul> <li><a href=\"http://hl7.org.au/fhir/core/0.3.0-ballot/StructureDefinition-au-core-practitioner.html\">http://hl7.org.au/fhir/core/StructureDefinition/au-core-practitioner</a></li></ul> </td><td class=\"text-center\">y</td><td class=\"text-center\"/><td class=\"text-center\"/><td class=\"text-center\"/><td/><td/><td/><td/></tr><tr> <td><a href=\"#Encounter1\">Encounter</a></td><td><a href=\"http://hl7.org/fhir/R4/encounter.html\">http://hl7.org/fhir/StructureDefinition/Encounter</a><br/> <em>Additional supported profiles:</em> <ul> <li><a href=\"http://hl7.org.au/fhir/core/0.3.0-ballot/StructureDefinition-au-core-encounter.html\">http://hl7.org.au/fhir/core/StructureDefinition/au-core-encounter</a></li></ul> </td><td class=\"text-center\">y</td><td class=\"text-center\"/><td class=\"text-center\"/><td class=\"text-center\"/><td/><td/><td/><td/></tr><tr> <td><a href=\"#Condition1\">Condition</a></td><td><a href=\"http://hl7.org/fhir/R4/condition.html\">http://hl7.org/fhir/StructureDefinition/Condition</a><br/> <em>Additional supported profiles:</em> <ul> <li><a href=\"http://hl7.org.au/fhir/core/0.3.0-ballot/StructureDefinition-au-core-condition.html\">http://hl7.org.au/fhir/core/StructureDefinition/au-core-condition</a></li></ul> </td><td class=\"text-center\"/><td class=\"text-center\">y</td><td class=\"text-center\"/><td class=\"text-center\"/><td>patient, clinical-status, patient+clinical-status</td><td/><td/><td/></tr><tr> <td><a href=\"#Observation1\">Observation</a></td><td><em>Supported profiles:</em> <ul> <li><a href=\"http://hl7.org.au/fhir/core/0.3.0-ballot/StructureDefinition-au-core-smokingstatus.html\">http://hl7.org.au/fhir/core/StructureDefinition/au-core-smokingstatus</a> </li><li><a href=\"http://hl7.org.au/fhir/core/0.3.0-ballot/StructureDefinition-au-core-bodyheight.html\">http://hl7.org.au/fhir/core/StructureDefinition/au-core-bodyheight</a> </li><li><a href=\"http://hl7.org.au/fhir/core/0.3.0-ballot/StructureDefinition-au-core-bodyweight.html\">http://hl7.org.au/fhir/core/StructureDefinition/au-core-bodyweight</a> </li><li><a href=\"http://hl7.org.au/fhir/core/0.2.2-preview/StructureDefinition-au-core-headcircum.html\">http://hl7.org.au/fhir/core/StructureDefinition/au-core-headcircum|0.2.2-preview</a> </li><li><a href=\"http://hl7.org.au/fhir/core/0.3.0-ballot/StructureDefinition-au-core-waistcircum.html\">http://hl7.org.au/fhir/core/StructureDefinition/au-core-waistcircum</a> </li><li><a href=\"http://hl7.org.au/fhir/core/0.3.0-ballot/StructureDefinition-au-core-bloodpressure.html\">http://hl7.org.au/fhir/core/StructureDefinition/au-core-bloodpressure</a> </li><li><a href=\"http://hl7.org.au/fhir/core/0.3.0-ballot/StructureDefinition-au-core-heartrate.html\">http://hl7.org.au/fhir/core/StructureDefinition/au-core-heartrate</a> </li><li><a href=\"http://hl7.org.au/fhir/core/0.2.2-preview/StructureDefinition-au-core-lipid-result.html\">http://hl7.org.au/fhir/core/StructureDefinition/au-core-lipid-result|0.2.2-preview</a> </li></ul> </td><td/><td class=\"text-center\">y</td><td class=\"text-center\"/><td class=\"text-center\"/><td>code, patient, _count, _sort, code+patient+_count+_sort</td><td/><td/><td/></tr><tr> <td><a href=\"#Questionnaire1\">Questionnaire</a></td><td><a href=\"http://hl7.org/fhir/uv/sdc/STU3/StructureDefinition-sdc-questionnaire.html\">http://hl7.org/fhir/uv/sdc/StructureDefinition/sdc-questionnaire</a> </td><td class=\"text-center\"/><td class=\"text-center\">y</td><td class=\"text-center\"/><td class=\"text-center\">y</td><td>url, version, title, _count, _sort, url+version, _count+_sort, title+_count+_sort</td><td/><td/><td><code>$assemble</code>, <code>$populate</code></td></tr><tr> <td><a href=\"#QuestionnaireResponse1\">QuestionnaireResponse</a></td><td><a href=\"http://hl7.org/fhir/uv/sdc/STU3/StructureDefinition-sdc-questionnaireresponse.html\">http://hl7.org/fhir/uv/sdc/StructureDefinition/sdc-questionnaireresponse</a> </td><td class=\"text-center\">y</td><td class=\"text-center\">y</td><td class=\"text-center\">y</td><td class=\"text-center\">y</td><td>patient, questionnaire, questionnaire.title, status, _count, _sort, patient+_count+_sort, patient+questionnaire+_count+_sort, patient+questionnaire.title+_count+_sort, patient+status+_count+_sort</td><td/><td/><td/></tr><tr> <td><a href=\"#ValueSet1\">ValueSet</a></td><td><a href=\"https://hl7.org/fhir/r4/valueset.html\">http://hl7.org/fhir/StructureDefinition/ValueSet</a> </td><td class=\"text-center\"/><td class=\"text-center\"/><td class=\"text-center\"/><td class=\"text-center\"/><td/><td/><td/><td><code>$expand</code></td></tr></tbody> </table> </div><hr/> <div class=\"panel panel-default\"> <div class=\"panel-heading\"> <h4 id=\"Patient1\" class=\"panel-title\">Patient</h4> </div><div class=\"panel-body\"> <div class=\"container\"> <div class=\"row\"> <div class=\"col-lg-6\"><span class=\"lead\">Base System Profile</span><br/> <a href=\"http://hl7.org/fhir/R4/patient.html\">http://hl7.org/fhir/StructureDefinition/Patient</a> </div></div><div class=\"row\"> <div class=\"col-6\"><span class=\"lead\">Supported Profiles</span> <ul> <li><a href=\"http://hl7.org.au/fhir/core/0.3.0-ballot/StructureDefinition-au-core-patient.html\">http://hl7.org.au/fhir/core/StructureDefinition/au-core-patient</a> </li></ul> </div></div><div class=\"row\"> <div class=\"col-lg-6\"><span class=\"lead\">Interaction summary</span><br/> <ul> <li>Supports <code>read</code>.</li></ul> </div></div></div></div></div><div class=\"panel panel-default\"> <div class=\"panel-heading\"> <h4 id=\"Practitioner1\" class=\"panel-title\">Practitioner</h4> </div><div class=\"panel-body\"> <div class=\"container\"> <div class=\"row\"> <div class=\"col-lg-6\"><span class=\"lead\">Base System Profile</span><br/> <a href=\"http://hl7.org/fhir/R4/practitioner.html\">http://hl7.org/fhir/StructureDefinition/Practitioner</a> </div></div><div class=\"row\"> <div class=\"col-6\"><span class=\"lead\">Supported Profiles</span> <ul> <li><a href=\"http://hl7.org.au/fhir/core/0.3.0-ballot/StructureDefinition-au-core-practitioner.html\">http://hl7.org.au/fhir/core/StructureDefinition/au-core-practitioner</a> </li></ul> </div></div><div class=\"row\"> <div class=\"col-lg-6\"><span class=\"lead\">Interaction summary</span><br/> <ul> <li>Supports <code>read</code>.</li></ul> </div></div></div></div></div><div class=\"panel panel-default\"> <div class=\"panel-heading\"> <h4 id=\"Encounter1\" class=\"panel-title\">Encounter</h4> </div><div class=\"panel-body\"> <div class=\"container\"> <div class=\"row\"> <div class=\"col-lg-6\"><span class=\"lead\">Base System Profile</span><br/> <a href=\"http://hl7.org/fhir/R4/encounter.html\">http://hl7.org/fhir/StructureDefinition/Encounter</a> </div></div><div class=\"row\"> <div class=\"col-6\"><span class=\"lead\">Supported Profiles</span> <ul> <li><a href=\"http://hl7.org.au/fhir/core/0.3.0-ballot/StructureDefinition-au-core-encounter.html\">http://hl7.org.au/fhir/core/StructureDefinition/au-core-encounter</a> </li></ul> </div></div><div class=\"row\"> <div class=\"col-lg-6\"><span class=\"lead\">Interaction summary</span><br/> <ul> <li>Supports <code>read</code>.</li></ul> </div></div></div></div></div><div class=\"panel panel-default\"> <div class=\"panel-heading\"> <h4 id=\"Condition1\" class=\"panel-title\">Condition</h4> </div><div class=\"panel-body\"> <div class=\"container\"> <div class=\"row\"> <div class=\"col-lg-6\"><span class=\"lead\">Base System Profile</span><br/> <a href=\"http://hl7.org/fhir/R4/condition.html\">http://hl7.org/fhir/StructureDefinition/Condition</a> </div></div><div class=\"row\"> <div class=\"col-6\"><span class=\"lead\">Supported Profiles</span> <ul> <li><a href=\"http://hl7.org.au/fhir/core/0.3.0-ballot/StructureDefinition-au-core-condition.html\">http://hl7.org.au/fhir/core/StructureDefinition/au-core-condition</a> </li></ul> </div></div><div class=\"row\"> <div class=\"col-lg-6\"><span class=\"lead\">Interaction summary</span><br/> <ul> <li>Supports <code>search-type</code>.</li></ul> </div></div><div class=\"row\"> <div class=\"col-lg-7\"><span class=\"lead\">Search Parameters</span> <table class=\"table table-condensed table-hover\"> <thead> <tr> <th>Parameter</th> <th>Type</th> <th>Documentation</th> </tr></thead> <tbody> <tr> <td><a href=\"http://hl7.org/fhir/R4/condition.html#search\">patient</a></td><td><code>reference</code></td><td> <div> <p>The client <strong>SHALL</strong> provide at least a id value and <strong>MAY</strong> provide both the Type and id values. The server <strong>SHALL</strong> support both. </p></div></td></tr><tr> <td><a href=\"http://hl7.org/fhir/R4/condition.html#search\">clinical-status</a></td><td><code>token</code></td><td> <div> <p>The client <strong>SHALL</strong> provide at least a code value and <strong>MAY</strong> provide both the code and system values. The server <strong>SHALL</strong> support both.</p></div></td></tr></tbody> </table> </div><div class=\"col-lg-5\"><span class=\"lead\">Combined Search Parameters</span> <table class=\"table table-condensed table-hover\"> <thead> <tr> <th>Parameters</th> <th>Types</th> </tr></thead> <tbody> <tr> <td><a href=\"http://hl7.org/fhir/R4/condition.html#search\">patient</a>+ <a href=\"http://hl7.org/fhir/R4/condition.html#search\">clinical-status</a> </td><td><code>reference</code>+<code>token</code></td></tr></tbody> </table> </div></div></div></div></div><div class=\"panel panel-default\"> <div class=\"panel-heading\"> <h4 id=\"Observation1\" class=\"panel-title\">Observation</h4> </div><div class=\"panel-body\"> <div class=\"container\"> <div class=\"row\"> <div class=\"col-6\"><span class=\"lead\">Supported Profiles</span> <ul> <li><a href=\"http://hl7.org.au/fhir/core/0.3.0-ballot/StructureDefinition-au-core-smokingstatus.html\">http://hl7.org.au/fhir/core/StructureDefinition/au-core-smokingstatus</a> </li><li><a href=\"http://hl7.org.au/fhir/core/0.3.0-ballot/StructureDefinition-au-core-bodyheight.html\">http://hl7.org.au/fhir/core/StructureDefinition/au-core-bodyheight</a> </li><li><a href=\"http://hl7.org.au/fhir/core/0.3.0-ballot/StructureDefinition-au-core-bodyweight.html\">http://hl7.org.au/fhir/core/StructureDefinition/au-core-bodyweight</a> </li><li><a href=\"http://hl7.org.au/fhir/core/0.2.2-preview/StructureDefinition-au-core-headcircum.html\">http://hl7.org.au/fhir/core/StructureDefinition/au-core-headcircum|0.2.2-preview</a> </li><li><a href=\"http://hl7.org.au/fhir/core/0.3.0-ballot/StructureDefinition-au-core-waistcircum.html\">http://hl7.org.au/fhir/core/StructureDefinition/au-core-waistcircum</a> </li><li><a href=\"http://hl7.org.au/fhir/core/0.3.0-ballot/StructureDefinition-au-core-bloodpressure.html\">http://hl7.org.au/fhir/core/StructureDefinition/au-core-bloodpressure</a> </li><li><a href=\"http://hl7.org.au/fhir/core/0.3.0-ballot/StructureDefinition-au-core-heartrate.html\">http://hl7.org.au/fhir/core/StructureDefinition/au-core-heartrate</a> </li><li><a href=\"http://hl7.org.au/fhir/core/0.2.2-preview/StructureDefinition-au-core-lipid-result.html\">http://hl7.org.au/fhir/core/StructureDefinition/au-core-lipid-result|0.2.2-preview</a> </li></ul> </div></div><div class=\"row\"> <div class=\"col-lg-6\"><span class=\"lead\">Interaction summary</span><br/> <ul> <li>Supports <code>search-type</code>.</li></ul> </div></div><div class=\"row\"> <div class=\"col-lg-7\"><span class=\"lead\">Search Parameters</span> <table class=\"table table-condensed table-hover\"> <thead> <tr> <th>Parameter</th> <th>Type</th> <th>Documentation</th> </tr></thead> <tbody> <tr> <td><a href=\"http://hl7.org/fhir/R4/observation.html#search\">patient</a></td><td><code>reference</code></td><td> <div> <p>The client <strong>SHALL</strong> provide at least an id value and <strong>MAY</strong> provide both the Type and id values. The server <strong>SHALL</strong> support both. </p></div></td></tr><tr> <td><a href=\"http://hl7.org/fhir/R4/observation.html#search\">code</a></td><td><code>token</code></td><td> <div> <p>The client <strong>SHALL</strong> provide at least a code value and <strong>MAY</strong> provide both the code and system values. The server <strong>SHALL</strong> support both.</p></div></td></tr><tr> <td><a href=\"http://hl7.org/fhir/R4/search.html#count\">_count</a></td><td><code>number</code></td><td> <div> <p>The client supports search result limiting.</p></div></td></tr><tr> <td><a href=\"http://hl7.org/fhir/R4/search.html#_sort\">_sort</a></td><td><code>string</code></td><td> <div> <p>The client supports search result sorting by date and <strong>MAY</strong> support other values.</p></div></td></tr></tbody> </table> </div><div class=\"col-lg-5\"><span class=\"lead\">Combined Search Parameters</span> <table class=\"table table-condensed table-hover\"> <thead> <tr> <th>Parameters</th> <th>Types</th> </tr></thead> <tbody> <tr> <td><a href=\"http://hl7.org/fhir/R4/observation.html#search\">patient</a>+ <a href=\"http://hl7.org/fhir/R4/observation.html#search\">code</a>+ <a href=\"http://hl7.org/fhir/R4/search.html#count\">_count</a>+ <a href=\"http://hl7.org/fhir/R4/search.html#_sort\">_sort</a> </td><td><code>reference</code>+<code>token</code>+<code>number</code>+<code>string</code></td></tr></tbody> </table> </div></div></div></div></div><div class=\"panel panel-default\"> <div class=\"panel-heading\"> <h4 id=\"Questionnaire1\" class=\"panel-title\">Questionnaire</h4> </div><div class=\"panel-body\"> <div class=\"container\"> <div class=\"row\"> <div class=\"col-lg-6\"><span class=\"lead\">Base System Profile</span><br/><a href=\"http://hl7.org/fhir/uv/sdc/STU3/StructureDefinition-sdc-questionnaire.html\">http://hl7.org/fhir/uv/sdc/StructureDefinition/sdc-questionnaire</a> </div></div><div class=\"row\"> <div class=\"col-lg-6\"><span class=\"lead\">Interaction summary</span><br/> <ul> <li>Supports <code>search-type</code>, <code>create</code>.</li></ul> </div></div><div class=\"row\"> <div class=\"col-lg-7\"><span class=\"lead\">Search Parameters</span> <table class=\"table table-condensed table-hover\"> <thead> <tr> <th>Parameter</th> <th>Type</th> <th>Documentation</th> </tr></thead> <tbody> <tr> <td><a href=\"http://hl7.org/fhir/R4/questionnaire.html#search\">url</a></td><td><code>uri</code></td><td> <div> <p/></div></td></tr><tr> <td><a href=\"http://hl7.org/fhir/R4/questionnaire.html#search\">version</a></td><td><code>token</code></td><td> <div> <p/></div></td></tr><tr> <td><a href=\"http://hl7.org/fhir/R4/questionnaire.html#search\">title</a></td><td><code>string</code></td><td> <div> <p>The client supports search using the :contains modifier.</p></div></td></tr><tr> <td><a href=\"http://hl7.org/fhir/R4/questionnaire.html#search\">_count</a></td><td><code>number</code></td><td> <div> <p>The client supports search result limiting.</p></div></td></tr><tr> <td><a href=\"http://hl7.org/fhir/R4/questionnaire.html#search\">_sort</a></td><td><code>string</code></td><td> <div> <p>The client supports search result sorting by date and <strong>MAY</strong> support other values.</p></div></td></tr></tbody> </table> </div><div class=\"col-lg-5\"><span class=\"lead\">Combined Search Parameters</span> <table class=\"table table-condensed table-hover\"> <thead> <tr> <th>Parameters</th> <th>Types</th> </tr></thead> <tbody> <tr> <td><a href=\"http://hl7.org/fhir/R4/questionnaire.html#search\">url</a>+ <a href=\"http://hl7.org/fhir/R4/questionnaire.html#search\">version</a> </td><td><code>uri</code>+<code>token</code></td></tr><tr> <td><a href=\"http://hl7.org/fhir/R4/search.html#count\">_count</a>+ <a href=\"http://hl7.org/fhir/R4/search.html#_sort\">_sort</a> </td><td><code>number</code>+<code>string</code></td></tr><tr> <td><a href=\"http://hl7.org/fhir/R4/questionnaire.html#search\">title</a>+ <a href=\"http://hl7.org/fhir/R4/search.html#count\">_count</a>+ <a href=\"http://hl7.org/fhir/R4/search.html#_sort\">_sort</a> </td><td><code>string</code>+<code>number</code>+<code>string</code></td></tr></tbody> </table> </div></div><div class=\"row\"> <div class=\"col-12\"><span class=\"lead\">Operations</span> <table class=\"table table-condensed table-hover\"> <thead> <tr> <th>Operation</th> <th>Documentation</th> </tr></thead> <tbody> <tr> <td><a href=\"http://hl7.org/fhir/uv/sdc/STU3/OperationDefinition-Questionnaire-assemble.html\">$assemble</a></td><td> <div> <p/></div></td></tr><tr> <td><a href=\"http://hl7.org/fhir/uv/sdc/STU3/OperationDefinition-Questionnaire-populate.html\">$populate</a></td><td> <div> <p/></div></td></tr></tbody> </table> </div></div></div></div></div><div class=\"panel panel-default\"> <div class=\"panel-heading\"> <h4 id=\"QuestionnaireResponse1\" class=\"panel-title\">QuestionnaireResponse</h4> </div><div class=\"panel-body\"> <div class=\"container\"> <div class=\"row\"> <div class=\"col-lg-6\"><span class=\"lead\">Base System Profile</span><br/><a href=\"http://hl7.org/fhir/uv/sdc/STU3/StructureDefinition-sdc-questionnaireresponse.html\">http://hl7.org/fhir/uv/sdc/StructureDefinition/sdc-questionnaireresponse</a> </div></div><div class=\"row\"> <div class=\"col-lg-6\"><span class=\"lead\">Interaction summary</span><br/> <ul> <li>Supports <code>read</code>, <code>search-type</code>, <code>update</code>, <code>create</code>.</li><li>All search requests <strong>SHALL</strong> at least include the <code>patient</code> parameter.</li></ul> </div></div><div class=\"row\"> <div class=\"col-lg-7\"><span class=\"lead\">Search Parameters</span> <table class=\"table table-condensed table-hover\"> <thead> <tr> <th>Parameter</th> <th>Type</th> <th>Documentation</th> </tr></thead> <tbody> <tr> <td><a href=\"http://hl7.org/fhir/R4/questionnaireresponse.html#search\">patient</a> </td><td><code>reference</code></td><td> <div> <p>The client <strong>SHALL</strong> provide at least a id value and <strong>MAY</strong> provide both the Type and id values. The server <strong>SHALL</strong> support both. </p></div></td></tr><tr> <td><a href=\"http://hl7.org/fhir/R4/questionnaireresponse.html#search\">questionnaire</a> </td><td><code>reference</code></td><td> <div> <p>The client <strong>SHALL</strong> provide at least a id value and <strong>MAY</strong> provide both the Type and id values. The server <strong>SHALL</strong> support both.</p></div></td></tr><tr> <td><a href=\"http://hl7.org/fhir/R4/questionnaire.html#search\">questionnaire.title</a> </td><td><code>string</code></td><td> <div> <p>The client and server <strong>SHALL</strong> support chained search questionnaire.title using the search modifier :contains.</p></div></td></tr><tr> <td><a href=\"http://hl7.org/fhir/R4/questionnaireresponse.html#search\">status</a></td><td><code>token</code></td><td> <div> <p>The client <strong>SHALL</strong> provide at least a code value and <strong>MAY</strong> provide both the code and system values. The server <strong>SHALL</strong> support both.</p></div></td></tr><tr> <td><a href=\"http://hl7.org/fhir/R4/search.html#count\">_count</a></td><td><code>number</code></td><td> <div> <p>The client supports search result limiting.</p></div></td></tr><tr> <td><a href=\"http://hl7.org/fhir/R4/search.html#_sort\">_sort</a></td><td><code>string</code></td><td> <div> <p>The client supports search result sorting by authored and <strong>MAY</strong> support other values.</p></div></td></tr></tbody> </table> </div><div class=\"col-lg-5\"><span class=\"lead\">Combined Search Parameters</span> <table class=\"table table-condensed table-hover\"> <thead> <tr> <th>Parameters</th> <th>Types</th> </tr></thead> <tbody> <tr> <td><a href=\"https://hl7.org/fhir/R4/questionnaireresponse.html#search\">patient</a>+ <a href=\"http://hl7.org/fhir/R4/search.html#count\">_count</a>+ <a href=\"http://hl7.org/fhir/R4/search.html#sort\">_sort</a> </td><td><code>reference</code>+<code>number</code>+<code>string</code></td></tr><tr> <td><a href=\"https://hl7.org/fhir/R4/questionnaireresponse.html#search\">patient</a>+ <a href=\"https://hl7.org/fhir/R4/questionnaireresponse.html#search\">questionnaire</a>+ <a href=\"http://hl7.org/fhir/R4/search.html#count\">_count</a>+ <a href=\"http://hl7.org/fhir/R4/search.html#sort\">_sort</a> </td><td><code>reference</code>+<code>reference</code>+<code>number</code>+<code>string</code></td></tr><tr> <td><a href=\"https://hl7.org/fhir/R4/questionnaireresponse.html#search\">patient</a>+ <a href=\"https://hl7.org/fhir/R4/questionnaireresponse.html#search\">questionnaire.title</a>+ <a href=\"http://hl7.org/fhir/R4/search.html#count\">_count</a>+ <a href=\"http://hl7.org/fhir/R4/search.html#sort\">_sort</a> </td><td><code>reference</code>+<code>string</code>+<code>number</code>+<code>string</code></td></tr><tr> <td><a href=\"https://hl7.org/fhir/R4/questionnaireresponse.html#search\">patient</a>+ <a href=\"https://hl7.org/fhir/R4/questionnaireresponse.html#search\">status</a>+ <a href=\"http://hl7.org/fhir/R4/search.html#count\">_count</a>+ <a href=\"http://hl7.org/fhir/R4/search.html#sort\">_sort</a> </td><td><code>reference</code>+<code>token</code>+<code>number</code>+<code>string</code></td></tr></tbody> </table> </div></div></div></div></div><div class=\"panel panel-default\"> <div class=\"panel-heading\"> <h4 id=\"ValueSet1\" class=\"panel-title\">ValueSet</h4> </div><div class=\"panel-body\"> <div class=\"container\"> <div class=\"row\"> <div class=\"col-lg-6\"><span class=\"lead\">Base System Profile</span><br/> <a href=\"https://hl7.org/fhir/r4/valueset.html\">http://hl7.org/fhir/StructureDefinition/ValueSet</a> </div></div><div class=\"row\"> <div class=\"col-12\"><span class=\"lead\">Operations</span> <table class=\"table table-condensed table-hover\"> <thead> <tr> <th>Operation</th> <th>Documentation</th> </tr></thead> <tbody> <tr> <td><a href=\"https://hl7.org/fhir/r4/operation-valueset-expand.html\">$expand</a></td><td> <div> <p/></div></td></tr></tbody> </table> </div></div></div></div></div></div>"
  },
  "url" : "https://smartforms.csiro.au/ig/CapabilityStatement/SmartFormsApplication",
  "version" : "0.2.0",
  "name" : "SmartFormsApplication",
  "title" : "Smart Forms Application",
  "status" : "draft",
  "experimental" : false,
  "date" : "2023-06-16",
  "publisher" : "AEHRC CSIRO",
  "contact" : [{
    "name" : "AEHRC CSIRO",
    "telecom" : [{
      "system" : "url",
      "value" : "https://confluence.csiro.au/display/PCDQFPhase2/Primary+Care+Data+Quality+Foundations+-+Phase+2"
    }]
  }],
  "description" : "This CapabilityStatement describes the capabilities of the Smart Forms Application. These capabilities include supported FHIR profiles, RESTful operations, and search parameters. It covers supported tasks such as SMART App launch context, prepopulation and completion of forms.",
  "copyright" : "Copyright © 2022+ Australian Government Department of Health and Aged Care - All rights reserved. This content is licensed under a Creative Commons Attribution-ShareAlike 4.0 International License. See https://creativecommons.org/licenses/by-sa/4.0/.",
  "kind" : "capability",
  "instantiates" : ["http://hl7.org/fhir/uv/sdc/CapabilityStatement/sdc-form-filler"],
  "software" : {
    "name" : "Smart Forms Application"
  },
  "fhirVersion" : "4.0.1",
  "format" : ["json"],
  "implementationGuide" : ["http://hl7.org/fhir/smart-app-launch/ImplementationGuide/hl7.fhir.uv.smart-app-launch"],
  "rest" : [{
    "mode" : "client",
    "documentation" : "The Smart Forms Application performs interactions to support SMART App Launch, form prepopulation and form filling. The interactions performed for prepopulation are not listed here as they can vary greatly and are defined in the Questionnaire instance.",
    "security" : {
      "cors" : true,
      "service" : [{
        "coding" : [{
          "system" : "http://terminology.hl7.org/CodeSystem/restful-security-service",
          "code" : "SMART-on-FHIR"
        }]
      }],
      "description" : "SMART App Launch supported to allow secure data exchange."
    },
    "resource" : [{
      "type" : "Patient",
      "profile" : "http://hl7.org/fhir/StructureDefinition/Patient",
      "supportedProfile" : ["http://hl7.org.au/fhir/core/StructureDefinition/au-core-patient"],
      "interaction" : [{
        "code" : "read"
      }]
    },
    {
      "type" : "Practitioner",
      "profile" : "http://hl7.org/fhir/StructureDefinition/Practitioner",
      "supportedProfile" : ["http://hl7.org.au/fhir/core/StructureDefinition/au-core-practitioner"],
      "interaction" : [{
        "code" : "read"
      }]
    },
    {
      "type" : "Encounter",
      "profile" : "http://hl7.org/fhir/StructureDefinition/Encounter",
      "supportedProfile" : ["http://hl7.org.au/fhir/core/StructureDefinition/au-core-encounter"],
      "interaction" : [{
        "code" : "read"
      }]
    },
    {
      "extension" : [{
        "extension" : [{
          "url" : "required",
          "valueString" : "patient"
        },
        {
          "url" : "required",
          "valueString" : "clinical-status"
        }],
        "url" : "http://hl7.org/fhir/StructureDefinition/capabilitystatement-search-parameter-combination"
      }],
      "type" : "Condition",
      "profile" : "http://hl7.org/fhir/StructureDefinition/Condition",
      "supportedProfile" : ["http://hl7.org.au/fhir/core/StructureDefinition/au-core-condition"],
      "interaction" : [{
        "code" : "search-type"
      }],
      "searchParam" : [{
        "name" : "patient",
        "definition" : "http://hl7.org/fhir/SearchParameter/clinical-patient",
        "type" : "reference",
        "documentation" : "<div><p>The client <strong>SHALL</strong> provide at least a id value and <strong>MAY</strong> provide both the Type and id values. The server <strong>SHALL</strong> support both.</p></div>"
      },
      {
        "name" : "clinical-status",
        "definition" : "http://hl7.org/fhir/SearchParameter/Condition-clinical-status",
        "type" : "token",
        "documentation" : "<div> <p>The client <strong>SHALL</strong> provide at least a code value and <strong>MAY</strong> provide both the code and system values. The server <strong>SHALL</strong> support both.</p></div>"
      }]
    },
    {
      "extension" : [{
        "extension" : [{
          "url" : "required",
          "valueString" : "patient"
        },
        {
          "url" : "required",
          "valueString" : "code"
        },
        {
          "url" : "required",
          "valueString" : "_count"
        },
        {
          "url" : "required",
          "valueString" : "_sort"
        }],
        "url" : "http://hl7.org/fhir/StructureDefinition/capabilitystatement-search-parameter-combination"
      }],
      "type" : "Observation",
      "supportedProfile" : ["http://hl7.org.au/fhir/core/StructureDefinition/au-core-smokingstatus",
      "http://hl7.org.au/fhir/core/StructureDefinition/au-core-bodyheight",
      "http://hl7.org.au/fhir/core/StructureDefinition/au-core-bodyweight",
      "http://hl7.org.au/fhir/core/StructureDefinition/au-core-headcircum|0.2.2-preview",
      "http://hl7.org.au/fhir/core/StructureDefinition/au-core-waistcircum",
      "http://hl7.org.au/fhir/core/StructureDefinition/au-core-bloodpressure",
      "http://hl7.org.au/fhir/core/StructureDefinition/au-core-heartrate",
      "http://hl7.org.au/fhir/core/StructureDefinition/au-core-lipid-result|0.2.2-preview"],
      "interaction" : [{
        "code" : "search-type"
      }],
      "searchParam" : [{
        "name" : "patient",
        "definition" : "http://hl7.org/fhir/SearchParameter/clinical-patient",
        "type" : "reference",
        "documentation" : "<div> <p>The client <strong>SHALL</strong> provide at least a id value and <strong>MAY</strong> provide both the Type and id values. The server <strong>SHALL</strong> support both. </p></div>"
      },
      {
        "name" : "code",
        "definition" : "http://hl7.org/fhir/SearchParameter/clinical-code",
        "type" : "token",
        "documentation" : "<div> <p>The client <strong>SHALL</strong> provide at least a code value and <strong>MAY</strong> provide both the code and system values. The server <strong>SHALL</strong> support both.</p></div>"
      },
      {
        "name" : "_count",
        "type" : "number",
        "documentation" : "<div> <p>The client supports search result limiting.</p></div>"
      },
      {
        "name" : "_sort",
        "type" : "string",
        "documentation" : "<div> <p>The client supports search result sorting by date and <strong>MAY</strong> support other values.</p></div>"
      }]
    },
    {
      "extension" : [{
        "extension" : [{
          "url" : "required",
          "valueString" : "url"
        },
        {
          "url" : "required",
          "valueString" : "version"
        }],
        "url" : "http://hl7.org/fhir/StructureDefinition/capabilitystatement-search-parameter-combination"
      },
      {
        "extension" : [{
          "url" : "required",
          "valueString" : "_count"
        },
        {
          "url" : "required",
          "valueString" : "_sort"
        }],
        "url" : "http://hl7.org/fhir/StructureDefinition/capabilitystatement-search-parameter-combination"
      },
      {
        "extension" : [{
          "url" : "required",
          "valueString" : "title"
        },
        {
          "url" : "required",
          "valueString" : "_count"
        },
        {
          "url" : "required",
          "valueString" : "_sort"
        }],
        "url" : "http://hl7.org/fhir/StructureDefinition/capabilitystatement-search-parameter-combination"
      }],
      "type" : "Questionnaire",
      "profile" : "http://hl7.org/fhir/uv/sdc/StructureDefinition/sdc-questionnaire",
      "interaction" : [{
        "code" : "search-type"
      },
      {
        "code" : "create"
      }],
      "searchParam" : [{
        "name" : "url",
        "definition" : "http://hl7.org/fhir/SearchParameter/Questionnaire-url",
        "type" : "uri"
      },
      {
        "name" : "version",
        "definition" : "http://hl7.org/fhir/SearchParameter/Questionnaire-version",
        "type" : "token"
      },
      {
        "name" : "title",
        "definition" : "http://hl7.org/fhir/SearchParameter/Questionnaire-title",
        "type" : "string",
        "documentation" : "<div> <p>The client supports search using the :contains modifier.</p></div>"
      },
      {
        "name" : "_count",
        "type" : "number",
        "documentation" : "<div> <p>The client supports search result limiting.</p></div>"
      },
      {
        "name" : "_sort",
        "type" : "string",
        "documentation" : "<div> <p>The client supports search result sorting by date and <strong>MAY</strong> support other values.</p></div>"
      }],
      "operation" : [{
        "name" : "assemble",
        "definition" : "http://hl7.org/fhir/uv/sdc/OperationDefinition/Questionnaire-assemble"
      },
      {
        "name" : "populate",
        "definition" : "http://hl7.org/fhir/uv/sdc/OperationDefinition/Questionnaire-populate"
      }]
    },
    {
      "extension" : [{
        "extension" : [{
          "url" : "required",
          "valueString" : "patient"
        },
        {
          "url" : "required",
          "valueString" : "_count"
        },
        {
          "url" : "required",
          "valueString" : "_sort"
        }],
        "url" : "http://hl7.org/fhir/StructureDefinition/capabilitystatement-search-parameter-combination"
      },
      {
        "extension" : [{
          "url" : "required",
          "valueString" : "patient"
        },
        {
          "url" : "required",
          "valueString" : "_count"
        },
        {
          "url" : "required",
          "valueString" : "_sort"
        },
        {
          "url" : "required",
          "valueString" : "questionnaire"
        }],
        "url" : "http://hl7.org/fhir/StructureDefinition/capabilitystatement-search-parameter-combination"
      },
      {
        "extension" : [{
          "url" : "required",
          "valueString" : "patient"
        },
        {
          "url" : "required",
          "valueString" : "_count"
        },
        {
          "url" : "required",
          "valueString" : "_sort"
        },
        {
          "url" : "required",
          "valueString" : "status"
        }],
        "url" : "http://hl7.org/fhir/StructureDefinition/capabilitystatement-search-parameter-combination"
      }],
      "type" : "QuestionnaireResponse",
      "profile" : "http://hl7.org/fhir/uv/sdc/StructureDefinition/sdc-questionnaireresponse",
      "interaction" : [{
        "code" : "read"
      },
      {
        "code" : "search-type"
      },
      {
        "code" : "create"
      },
      {
        "code" : "update"
      }],
      "searchParam" : [{
        "name" : "patient",
        "definition" : "http://hl7.org/fhir/SearchParameter/QuestionnaireResponse-patient",
        "type" : "reference",
        "documentation" : "<div> <p>The client <strong>SHALL</strong> provide at least a id value and <strong>MAY</strong> provide both the Type and id values. The server <strong>SHALL</strong> support both. </p></div>"
      },
      {
        "name" : "questionnaire",
        "definition" : "http://hl7.org/fhir/SearchParameter/QuestionnaireResponse-questionnaire",
        "type" : "reference",
        "documentation" : "<div> <p>The client <strong>SHALL</strong> provide at least a id value and <strong>MAY</strong> provide both the Type and id values. The server <strong>SHALL</strong> support both.</p> <p>The client and server <strong>SHALL</strong> support chained search questionnaire.title using the :contains modifier.</p></div>"
      },
      {
        "name" : "status",
        "definition" : "http://hl7.org/fhir/SearchParameter/QuestionnaireResponse-status",
        "type" : "token",
        "documentation" : "<div> <p>The client <strong>SHALL</strong> provide at least a code value and <strong>MAY</strong> provide both the code and system values. The server <strong>SHALL</strong> support both.</p></div>"
      },
      {
        "name" : "_count",
        "type" : "number",
        "documentation" : "<div> <p>The client supports search result limiting.</p></div>"
      },
      {
        "name" : "_sort",
        "type" : "string",
        "documentation" : "<div> <p>The client supports search result sorting by authored and <strong>MAY</strong> support other values.</p></div>"
      }]
    },
    {
      "type" : "ValueSet",
      "profile" : "http://hl7.org/fhir/StructureDefinition/ValueSet",
      "operation" : [{
        "name" : "expand",
        "definition" : "http://hl7.org/fhir/OperationDefinition/ValueSet-expand"
      }]
    }],
    "interaction" : [{
      "code" : "transaction"
    },
    {
      "code" : "batch"
    }]
  }]
}