<?xml version="1.0" encoding="UTF-8"?>

<CapabilityStatement xmlns="http://hl7.org/fhir">
  <id value="SFLauncherServerAboriginalTorresStraitIslanderHealthCheck"/>
  <text>
    <status value="extensions"/><div xmlns="http://www.w3.org/1999/xhtml"> <h2>Smart Forms Launcher Server for the Aboriginal and Torres Strait Islander Health Check Capability Statement</h2> <ul> <li>Kind of capability statement: Requirements</li><li>FHIR Version: 4.0.1</li><li>Supported Formats: <strong>SHALL</strong> support <code>json</code></li><li>Published by: AEHRC CSIRO</li></ul> <blockquote class="impl-note"> <p><strong>Note to Implementers: FHIR Capabilities</strong></p><p>Any FHIR capability may be 'allowed' by the system unless explicitly marked as &quot;SHALL NOT&quot;. Some items might be marked as MAY in the Implementation Guide to highlight their potential relevance to the use case. </p></blockquote> <h3 id="shallIGs">SHALL Support the Following Implementation Guides</h3> <ul> <li><a href="http://hl7.org/fhir/smart-app-launch/STU2.1/">SMART App Launch</a> </li></ul> <h3 id="shouldIGs">SHOULD Support the Following Implementation Guides</h3> <ul> <li><a href="http://hl7.org/fhir/uv/sdc/STU3/">Structured Data Capture</a> </li></ul> <h3 id="shallCSs">SHALL Implement the Following Capability Statements:</h3> <ul> <li><a href="http://hl7.org.au/fhir/core/0.3.0-ballot/CapabilityStatement-au-core-server.html">AU Core Server</a> </li></ul> <h3 id="shouldCSs">SHOULD Implement the Following Capability Statements:</h3> <ul> <li><a href="http://hl7.org/fhir/uv/sdc/STU3/CapabilityStatement-sdc-form-response-manager.html">SDC Form Response Manager</a> </li><li><a href="http://hl7.org/fhir/uv/sdc/STU3/CapabilityStatement-sdc-form-archiver.html">SDC Form Archiver</a> </li></ul> <h2 id="rest">FHIR RESTful Capabilities</h2> <div class="panel panel-default"> <div class="panel-heading"> <h3 id="mode1" class="panel-title">Mode: <code>server</code></h3> </div><div class="panel-body"> <div> <p>A Smart Forms Launcher Server <strong>SHALL</strong>:</p><ol> <li>Support the <a href="http://hl7.org.au/fhir/core/0.3.0-ballot/StructureDefinition-au-core-patient.html">AU Core Patient resource profile</a>.</li><li>Support the <a href="http://hl7.org.au/fhir/core/0.3.0-ballot/StructureDefinition-au-core-practitioner.html">AU Core Practitioner resource profile</a>.</li><li>Support the <a href="http://hl7.org.au/fhir/core/0.3.0-ballot/StructureDefinition-au-core-encounter.html">AU Core Encounter resource profile</a>.</li><li>Support the <a href="http://hl7.org.au/fhir/core/0.3.0-ballot/StructureDefinition-au-core-condition.html">AU Core Condition resource profile</a>.</li><li>Support the <a href="http://hl7.org.au/fhir/core/0.3.0-ballot/profiles-and-extensions.html#observation">AU Core Observation resource profiles</a>.</li><li>Support the <a href="http://hl7.org/fhir/uv/sdc/STU3/StructureDefinition-sdc-questionnaireresponse.html">SDC Questionnaire Response</a>.</li><li>Implement the RESTful behavior according to the FHIR specification.</li><li>Support JSON source formats for all interactions.</li></ol> </div><div class="lead"><em>Security</em></div><blockquote> <div> <p>A Smart Forms Launcher Server <strong>SHALL</strong>:</p><ol> <li>Support CORS headers</li><li>Support SMART on FHIR security services</li></ol> <p>See the <a href="http://hl7.org/fhir/uv/sdc/STU3/security.html">Structured Data Capture Security Details</a> section for general considerations and recommendations.</p></div></blockquote> </div></div><h3 id="resourcesCap1">Capabilities by Resource/Profile</h3> <h4 id="resourcesSummary1">Summary</h4> <p>The summary table lists the resources that are part of this configuration, and for each resource it lists:</p><ul> <li>The relevant profiles (if any)</li><li>The interactions supported by each resource (<b><span class="bg-info">R</span></b>ead, <b><span class="bg-info">S</span></b>earch, <b><span class="bg-info">U</span></b>pdate, and <b><span class="bg-info">C</span></b>reate, are always shown, while <b><span class="bg-info">VR</span></b>ead, <b><span class="bg-info">P</span></b>atch, <b><span class="bg-info">D</span></b>elete, <b><span class="bg-info">H</span></b>istory on <b><span class="bg-info">I</span></b>nstance, or <b><span class="bg-info">H</span></b>istory on <b><span class="bg-info">T</span></b>ype are only present if at least one of the resources has support for them.</li><li><span>The required, recommended, and some optional search parameters (if any). </span></li><li>The linked resources enabled for <code>_include</code></li><li>The other resources enabled for <code>_revinclude</code></li><li>The operations on the resource (if any)</li></ul> <div class="table-responsive"> <table class="table table-condensed table-hover"> <thead> <tr> <th><b>Resource Type</b></th> <th><b>Profile</b></th> <th class="text-center"><b title="GET a resource (read interaction)">R</b></th> <th class="text-center"><b title="GET all set of resources of the type (search interaction)">S</b></th> <th class="text-center"><b title="PUT a new resource version (update interaction)">U</b></th> <th class="text-center"><b title="POST a new resource (create interaction)">C</b></th> <th><b title="Required and recommended search parameters">Searches</b></th> <th><code><b>_include</b></code></th> <th><code><b>_revinclude</b></code></th> <th><b>Operations</b></th> </tr></thead> <tbody> <tr> <td><a href="#Patient1">Patient</a></td><td><a href="http://hl7.org.au/fhir/core/0.3.0-ballot/StructureDefinition-au-core-patient.html">http://hl7.org.au/fhir/core/StructureDefinition/au-core-patient</a> </td><td>y</td><td class="text-center"/><td class="text-center"/><td class="text-center"/><td/><td/><td/><td/></tr><tr> <td><a href="#Practitioner1">Practitioner</a></td><td><a href="http://hl7.org.au/fhir/core/0.3.0-ballot/StructureDefinition-au-core-practitioner.html">http://hl7.org.au/fhir/core/StructureDefinition/au-core-practitioner</a> </td><td>y</td><td class="text-center"/><td class="text-center"/><td class="text-center"/><td/><td/><td/><td/></tr><tr> <td><a href="#Encounter1">Encounter</a></td><td><a href="http://hl7.org.au/fhir/core/0.3.0-ballot/StructureDefinition-au-core-encounter.html">http://hl7.org.au/fhir/core/StructureDefinition/au-core-encounter</a> </td><td>y</td><td class="text-center"/><td class="text-center"/><td class="text-center"/><td/><td/><td/><td/></tr><tr> <td><a href="#Condition1">Condition</a></td><td><a href="http://hl7.org.au/fhir/core/0.3.0-ballot/StructureDefinition-au-core-condition.html">http://hl7.org.au/fhir/core/StructureDefinition/au-core-condition</a> </td><td/><td class="text-center">y</td><td class="text-center"/><td class="text-center"/><td>patient, clinical-status, patient+clinical-status</td><td/><td/><td/></tr><tr> <td><a href="#Observation1">Observation</a></td><td><em>Supported profiles:</em> <ul> <li><a href="http://hl7.org.au/fhir/core/0.3.0-ballot/StructureDefinition-au-core-smokingstatus.html">http://hl7.org.au/fhir/core/StructureDefinition/au-core-smokingstatus</a> </li><li><a href="http://hl7.org.au/fhir/core/0.3.0-ballot/StructureDefinition-au-core-bodyheight.html">http://hl7.org.au/fhir/core/StructureDefinition/au-core-bodyheight</a> </li><li><a href="http://hl7.org.au/fhir/core/0.3.0-ballot/StructureDefinition-au-core-bodyweight.html">http://hl7.org.au/fhir/core/StructureDefinition/au-core-bodyweight</a> </li><li><a href="http://hl7.org.au/fhir/core/0.2.2-preview/StructureDefinition-au-core-headcircum.html">http://hl7.org.au/fhir/core/StructureDefinition/au-core-headcircum|0.2.2-preview</a> </li><li><a href="http://hl7.org.au/fhir/core/0.3.0-ballot/StructureDefinition-au-core-waistcircum.html">http://hl7.org.au/fhir/core/StructureDefinition/au-core-waistcircum</a> </li><li><a href="http://hl7.org.au/fhir/core/0.3.0-ballot/StructureDefinition-au-core-bloodpressure.html">http://hl7.org.au/fhir/core/StructureDefinition/au-core-bloodpressure</a> </li><li><a href="http://hl7.org.au/fhir/core/0.3.0-ballot/StructureDefinition-au-core-heartrate.html">http://hl7.org.au/fhir/core/StructureDefinition/au-core-heartrate</a> </li><li><a href="http://hl7.org.au/fhir/core/0.2.2-preview/StructureDefinition-au-core-lipid-result.html">http://hl7.org.au/fhir/core/StructureDefinition/au-core-lipid-result|0.2.2-preview</a> </li></ul> </td><td/><td class="text-center">y</td><td class="text-center"/><td class="text-center"/><td>code, patient, _count, _sort, code+patient+_count+_sort</td><td/><td/><td/></tr><tr> <td><a href="#QuestionnaireResponse1">QuestionnaireResponse</a></td><td><a href="http://hl7.org/fhir/uv/sdc/STU3/StructureDefinition-sdc-questionnaireresponse.html">http://hl7.org/fhir/uv/sdc/StructureDefinition/sdc-questionnaireresponse</a> </td><td>y</td><td class="text-center">y</td><td class="text-center">y</td><td class="text-center">y</td><td>patient, questionnaire, status, _count, _sort, patient+_count+_sort, patient+questionnaire+_count+_sort, patient+status+_count+_sort</td><td/><td/><td/></tr></tbody> </table> </div><hr/> <div class="panel panel-default"> <div class="panel-heading"> <h4 id="Patient1" class="panel-title"><span style="float: right;">Resource Conformance: SHALL</span>Patient</h4> </div><div class="panel-body"> <div class="container"> <div class="row"> <div class="col-lg-6"><span class="lead">Base System Profile</span><br/><a href="http://hl7.org.au/fhir/core/0.3.0-ballot/StructureDefinition-au-core-patient.html">http://hl7.org.au/fhir/core/StructureDefinition/au-core-patient</a> </div><div class="col-lg-3"><span class="lead">Profile Conformance</span><br/><b>SHALL</b></div></div><div class="row"> <div class="col-lg-6"><span class="lead">Interaction summary</span><br/> <ul> <li><strong>SHALL</strong> support <code>read</code>.</li></ul> </div></div><div class="row"> <div class="col-12"><span class="lead">Documentation</span> <blockquote> <div> <p>The server <strong>SHALL</strong> support the Patient resource, AU Core profile and the conformance expectations for the Patient resource.</p></div></blockquote> </div></div></div></div></div><div class="panel panel-default"> <div class="panel-heading"> <h4 id="Practitioner1" class="panel-title"><span style="float: right;">Resource Conformance: SHALL</span>Practitioner</h4> </div><div class="panel-body"> <div class="container"> <div class="row"> <div class="col-lg-6"><span class="lead">Base System Profile</span><br/><a href="http://hl7.org.au/fhir/core/0.3.0-ballot/StructureDefinition-au-core-practitioner.html">http://hl7.org.au/fhir/core/StructureDefinition/au-core-practitioner</a> </div><div class="col-lg-3"><span class="lead">Profile Conformance</span><br/><b>SHALL</b></div></div><div class="row"> <div class="col-lg-6"><span class="lead">Interaction summary</span><br/> <ul> <li><strong>SHALL</strong> support <code>read</code>.</li></ul> </div></div><div class="row"> <div class="col-12"><span class="lead">Documentation</span> <blockquote> <div> <p>The server <strong>SHALL</strong> support the Practitioner resource, AU Core profile and the conformance expectations for the Practitioner resource.</p></div></blockquote> </div></div></div></div></div><div class="panel panel-default"> <div class="panel-heading"> <h4 id="Encounter1" class="panel-title"><span style="float: right;">Resource Conformance: SHALL</span>Encounter</h4> </div><div class="panel-body"> <div class="container"> <div class="row"> <div class="col-lg-6"><span class="lead">Base System Profile</span><br/><a href="http://hl7.org.au/fhir/core/0.3.0-ballot/StructureDefinition-au-core-encounter.html">http://hl7.org.au/fhir/core/StructureDefinition/au-core-encounter</a> </div><div class="col-lg-3"><span class="lead">Profile Conformance</span><br/><b>SHALL</b></div></div><div class="row"> <div class="col-lg-6"><span class="lead">Interaction summary</span><br/> <ul> <li><strong>SHALL</strong> support <code>read</code>.</li></ul> </div></div><div class="row"> <div class="col-12"><span class="lead">Documentation</span> <blockquote> <div> <p>The server <strong>SHALL</strong> support the Encounter resource, AU Core profile and the conformance expectations for the Encounter resource.</p></div></blockquote> </div></div></div></div></div><div class="panel panel-default"> <div class="panel-heading"> <h4 id="Condition1" class="panel-title"><span style="float: right;">Resource Conformance: SHALL</span>Condition</h4> </div><div class="panel-body"> <div class="container"> <div class="row"> <div class="col-lg-6"><span class="lead">Base System Profile</span><br/><a href="http://hl7.org.au/fhir/core/0.3.0-ballot/StructureDefinition-au-core-condition.html">http://hl7.org.au/fhir/core/StructureDefinition/au-core-condition</a> </div><div class="col-lg-3"><span class="lead">Profile Conformance</span><br/><b>SHALL</b></div></div><div class="row"> <div class="col-lg-6"><span class="lead">Interaction summary</span><br/> <ul> <li><strong>SHALL</strong> support <code>search-type</code>.</li></ul> </div></div><div class="row"> <div class="col-12"><span class="lead">Documentation</span> <blockquote> <div> <p>The server <strong>SHALL</strong> support the Condition resource, the AU Core profile and the conformance expectations for the Condition resource.</p></div></blockquote> </div></div><div class="row"> <div class="col-lg-7"><span class="lead">Search Parameters</span> <table class="table table-condensed table-hover"> <thead> <tr> <th>Conformance</th> <th>Parameter</th> <th>Type</th> <th>Documentation</th> </tr></thead> <tbody> <tr> <td><b>SHALL</b></td><td><a href="http://hl7.org/fhir/R4/condition.html#search">patient</a></td><td><code>reference</code></td><td> <div> <p>The client <strong>SHALL</strong> provide at least a id value and <strong>MAY</strong> provide both the Type and id values. The server <strong>SHALL</strong> support both. </p></div></td></tr><tr> <td><b>SHALL</b></td><td><a href="http://hl7.org/fhir/R4/condition.html#search">clinical-status</a></td><td><code>token</code></td><td> <div> <p>The client <strong>SHALL</strong> provide at least a code value and <strong>MAY</strong> provide both the code and system values. The server <strong>SHALL</strong> support both.</p></div></td></tr></tbody> </table> </div><div class="col-lg-5"><span class="lead">Combined Search Parameters</span> <table class="table table-condensed table-hover"> <thead> <tr> <th>Conformance</th> <th>Parameters</th> <th>Types</th> </tr></thead> <tbody> <tr> <td><b>SHALL</b></td><td><a href="http://hl7.org/fhir/R4/condition.html#search">patient</a>+ <a href="http://hl7.org/fhir/R4/condition.html#search">clinical-status</a> </td><td><code>reference</code>+<code>token</code></td></tr></tbody> </table> </div></div></div></div></div><div class="panel panel-default"> <div class="panel-heading"> <h4 id="Observation1" class="panel-title"><span style="float: right;">Resource Conformance: SHALL</span>Observation</h4> </div><div class="panel-body"> <div class="container"> <div class="row"> <div class="col-6"><span class="lead">Supported Profiles</span> <ul> <li><a href="http://hl7.org.au/fhir/core/0.3.0-ballot/StructureDefinition-au-core-smokingstatus.html">http://hl7.org.au/fhir/core/StructureDefinition/au-core-smokingstatus</a> </li><li><a href="http://hl7.org.au/fhir/core/0.3.0-ballot/StructureDefinition-au-core-bodyheight.html">http://hl7.org.au/fhir/core/StructureDefinition/au-core-bodyheight</a> </li><li><a href="http://hl7.org.au/fhir/core/0.3.0-ballot/StructureDefinition-au-core-bodyweight.html">http://hl7.org.au/fhir/core/StructureDefinition/au-core-bodyweight</a> </li><li><a href="http://hl7.org.au/fhir/core/0.2.2-preview/StructureDefinition-au-core-headcircum.html">http://hl7.org.au/fhir/core/StructureDefinition/au-core-headcircum|0.2.2-preview</a> </li><li><a href="http://hl7.org.au/fhir/core/0.3.0-ballot/StructureDefinition-au-core-waistcircum.html">http://hl7.org.au/fhir/core/StructureDefinition/au-core-waistcircum</a> </li><li><a href="http://hl7.org.au/fhir/core/0.3.0-ballot/StructureDefinition-au-core-bloodpressure.html">http://hl7.org.au/fhir/core/StructureDefinition/au-core-bloodpressure</a> </li><li><a href="http://hl7.org.au/fhir/core/0.3.0-ballot/StructureDefinition-au-core-heartrate.html">http://hl7.org.au/fhir/core/StructureDefinition/au-core-heartrate</a> </li><li><a href="http://hl7.org.au/fhir/core/0.2.2-preview/StructureDefinition-au-core-lipid-result.html">http://hl7.org.au/fhir/core/StructureDefinition/au-core-lipid-result|0.2.2-preview</a> </li></ul> </div><div class="col-lg-6"><span class="lead">Supported Profiles Conformance</span><br/><b>SHALL</b></div></div><div class="row"> <div class="col-lg-6"><span class="lead">Interaction summary</span><br/> <ul> <li><strong>SHALL</strong> support <code>search-type</code>.</li></ul> </div></div><div class="row"> <div class="col-12"><span class="lead">Documentation</span> <blockquote> <div> <p>The server <strong>SHALL</strong> support the Observation resource, the AU Core profiles listed and the conformance expectations for the Observation resource.</p></div></blockquote> </div></div><div class="row"> <div class="col-lg-7"><span class="lead">Search Parameters</span> <table class="table table-condensed table-hover"> <thead> <tr> <th>Conformance</th> <th>Parameter</th> <th>Type</th> <th>Documentation</th> </tr></thead> <tbody> <tr> <td><b>SHALL</b></td><td><a href="http://hl7.org/fhir/R4/observation.html#search">patient</a></td><td><code>reference</code></td><td> <div> <p>The client <strong>SHALL</strong> provide at least an id value and <strong>MAY</strong> provide both the Type and id values. The server <strong>SHALL</strong> support both. </p></div></td></tr><tr> <td><b>SHALL</b></td><td><a href="http://hl7.org/fhir/R4/observation.html#search">code</a></td><td><code>token</code></td><td> <div> <p>The client <strong>SHALL</strong> provide at least a code value and <strong>MAY</strong> provide both the code and system values. The server <strong>SHALL</strong> support both.</p></div></td></tr><tr> <td><b>SHALL</b></td><td><a href="http://hl7.org/fhir/R4/search.html#count">_count</a></td><td><code>number</code></td><td> <div> <p>The client and server <strong>SHALL</strong> support search result limiting.</p></div></td></tr><tr> <td><b>SHALL</b></td><td><a href="http://hl7.org/fhir/R4/search.html#_sort">_sort</a></td><td><code>string</code></td><td> <div> <p>The client server <strong>SHALL</strong> support search result sorting by date and <strong>MAY</strong> support other values.</p></div></td></tr></tbody> </table> </div><div class="col-lg-5"><span class="lead">Combined Search Parameters</span> <table class="table table-condensed table-hover"> <thead> <tr> <th>Conformance</th> <th>Parameters</th> <th>Types</th> </tr></thead> <tbody> <tr> <td><b>SHALL</b></td><td><a href="http://hl7.org/fhir/R4/observation.html#search">patient</a>+ <a href="http://hl7.org/fhir/R4/observation.html#search">code</a>+ <a href="http://hl7.org/fhir/R4/search.html#count">_count</a>+ <a href="http://hl7.org/fhir/R4/search.html#_sort">_sort</a> </td><td><code>reference</code>+<code>token</code>+<code>number</code>+<code>string</code></td></tr></tbody> </table> </div></div></div></div></div><div class="panel panel-default"> <div class="panel-heading"> <h4 id="QuestionnaireResponse1" class="panel-title"><span style="float: right;">Resource Conformance: SHALL</span>QuestionnaireResponse</h4> </div><div class="panel-body"> <div class="container"> <div class="row"> <div class="col-lg-6"><span class="lead">Base System Profile</span><br/><a href="http://hl7.org/fhir/uv/sdc/STU3/StructureDefinition-sdc-questionnaireresponse.html">http://hl7.org/fhir/uv/sdc/StructureDefinition/sdc-questionnaireresponse</a> </div><div class="col-lg-3"><span class="lead">Profile Conformance</span><br/><b>SHALL</b></div></div><div class="row"> <div class="col-lg-6"><span class="lead">Interaction summary</span><br/> <ul> <li><strong>SHALL</strong> support <code>read</code>, <code>search-type</code>, <code>update</code>, <code>create</code>.</li></ul> </div></div><div class="row"> <div class="col-12"><span class="lead">Versioning</span> <blockquote> <div> <p><em>VersionId tracked fully</em></p><p>The server <strong>SHALL</strong> correctly track and populate the versionId meta-property on resources and support using e-tags and If-Match header for version integrity in the API.</p></div></blockquote> </div></div><div class="row"> <div class="col-12"><span class="lead">Documentation</span> <blockquote> <div> <p>The server <strong>SHALL</strong> support the QuestionnaireResponse resource, Structured Data Capture profile and the conformance expectations for the QuestionnaireResponse resource.</p></div></blockquote> </div></div><div class="row"> <div class="col-lg-7"><span class="lead">Search Parameters</span> <table class="table table-condensed table-hover"> <thead> <tr> <th>Conformance</th> <th>Parameter</th> <th>Type</th> <th>Documentation</th> </tr></thead> <tbody> <tr> <td><b>SHALL</b></td><td><a href="http://hl7.org/fhir/R4/questionnaireresponse.html#search">patient</a> </td><td><code>reference</code></td><td> <div> <p>The client <strong>SHALL</strong> provide at least a id value and <strong>MAY</strong> provide both the Type and id values. The server <strong>SHALL</strong> support both. </p></div></td></tr><tr> <td><b>SHALL</b></td><td><a href="http://hl7.org/fhir/R4/questionnaireresponse.html#search">questionnaire</a> </td><td><code>reference</code></td><td> <div> <p>The client <strong>SHALL</strong> provide at least a id value and <strong>MAY</strong> provide both the Type and id values. The server <strong>SHALL</strong> support both.</p></div></td></tr><tr> <td><b>SHALL</b></td><td><a href="http://hl7.org/fhir/R4/questionnaireresponse.html#search">status</a></td><td><code>token</code></td><td> <div> <p>The client <strong>SHALL</strong> provide at least a code value and <strong>MAY</strong> provide both the code and system values. The server <strong>SHALL</strong> support both.</p></div></td></tr><tr> <td><b>SHALL</b></td><td><a href="http://hl7.org/fhir/R4/search.html#count">_count</a></td><td><code>number</code></td><td> <div> <p>The client and server <strong>SHALL</strong> support search result limiting.</p></div></td></tr><tr> <td><b>SHALL</b></td><td><a href="http://hl7.org/fhir/R4/search.html#_sort">_sort</a></td><td><code>string</code></td><td> <div> <p>The client and server <strong>SHALL</strong> support search result sorting by authored and <strong>MAY</strong> support other values.</p></div></td></tr></tbody> </table> </div><div class="col-lg-5"><span class="lead">Combined Search Parameters</span> <table class="table table-condensed table-hover"> <thead> <tr> <th>Conformance</th> <th>Parameters</th> <th>Types</th> </tr></thead> <tbody> <tr> <td><b>SHALL</b></td><td><a href="https://hl7.org/fhir/R4/questionnaireresponse.html#search">patient</a>+ <a href="http://hl7.org/fhir/R4/search.html#count">_count</a>+ <a href="http://hl7.org/fhir/R4/search.html#sort">_sort</a> </td><td><code>reference</code>+<code>number</code>+<code>string</code></td></tr><tr> <td><b>SHALL</b></td><td><a href="https://hl7.org/fhir/R4/questionnaireresponse.html#search">patient</a>+ <a href="https://hl7.org/fhir/R4/questionnaireresponse.html#search">questionnaire</a>+ <a href="http://hl7.org/fhir/R4/search.html#count">_count</a>+ <a href="http://hl7.org/fhir/R4/search.html#sort">_sort</a> </td><td><code>reference</code>+<code>reference</code>+<code>number</code>+<code>string</code></td></tr><tr> <td><b>SHALL</b></td><td><a href="https://hl7.org/fhir/R4/questionnaireresponse.html#search">patient</a>+ <a href="https://hl7.org/fhir/R4/questionnaireresponse.html#search">status</a>+ <a href="http://hl7.org/fhir/R4/search.html#count">_count</a>+ <a href="http://hl7.org/fhir/R4/search.html#sort">_sort</a> </td><td><code>reference</code>+<code>token</code>+<code>number</code>+<code>string</code></td></tr></tbody> </table> </div></div></div></div></div></div>
  </text>
  <url value="https://smartforms.csiro.au/ig/CapabilityStatement/SFLauncherServerAboriginalTorresStraitIslanderHealthCheck"/>
  <version value="0.2.0"/>
  <name value="SmartFormsLauncherServerAboriginalTorresStraitIslanderHealthCheck"/>
  <title value="Smart Forms Launcher Server for the Aboriginal and Torres Strait Islander Health Check"/>
  <status value="draft"/>
  <experimental value="false"/>
  <date value="2023-06-16"/>
  <publisher value="AEHRC CSIRO"/>
  <contact>
    <name value="AEHRC CSIRO"/>
    <telecom>
      <system value="url"/>
      <value value="https://confluence.csiro.au/display/PCDQFPhase2/Primary+Care+Data+Quality+Foundations+-+Phase+2"/>
    </telecom>
  </contact>
  <description value="This CapabilityStatement describes the expected capabilities for systems to launch and exchange data with the [Smart Forms client application](CapabilityStatement-SmartFormsApplication.html) to support the [Aboriginal and Torres Strait Islander Health Check](Questionnaire-AboriginalTorresStraitIslanderHealthCheck.html). It lists the server's conformance expectations for the resource types required as a launch context, resource types required to support prepopulation of the form, and QuestionnaireResponse requirements for managing form responses. These expectations include supported FHIR profiles, RESTful operations, and search parameters."/>
  <copyright value="Copyright © 2022+ Australian Government Department of Health and Aged Care - All rights reserved. This content is licensed under a Creative Commons Attribution-ShareAlike 4.0 International License. See https://creativecommons.org/licenses/by-sa/4.0/."/>
  <kind value="requirements"/>
  <instantiates value="http://hl7.org.au/fhir/core/CapabilityStatement/au-core-server">
    <extension url="http://hl7.org/fhir/StructureDefinition/capabilitystatement-expectation">
      <valueCode value="SHALL"/>
    </extension>
  </instantiates>
  <instantiates value="http://hl7.org/fhir/uv/sdc/CapabilityStatement/sdc-form-response-manager">
    <extension url="http://hl7.org/fhir/StructureDefinition/capabilitystatement-expectation">
      <valueCode value="SHOULD"/>
    </extension>
  </instantiates>
  <instantiates value="http://hl7.org/fhir/uv/sdc/CapabilityStatement/sdc-form-archiver">
    <extension url="http://hl7.org/fhir/StructureDefinition/capabilitystatement-expectation">
      <valueCode value="SHOULD"/>
    </extension>
  </instantiates>
  <fhirVersion value="4.0.1"/>
  <format value="json">
    <extension url="http://hl7.org/fhir/StructureDefinition/capabilitystatement-expectation">
      <valueCode value="SHALL"/>
    </extension>
  </format>
  <implementationGuide value="http://hl7.org/fhir/smart-app-launch/ImplementationGuide/hl7.fhir.uv.smart-app-launch">
    <extension url="http://hl7.org/fhir/StructureDefinition/capabilitystatement-expectation">
      <valueCode value="SHALL"/>
    </extension>
  </implementationGuide>
  <implementationGuide value="http://hl7.org/fhir/uv/sdc/ImplementationGuide/hl7.fhir.uv.sdc">
    <extension url="http://hl7.org/fhir/StructureDefinition/capabilitystatement-expectation">
      <valueCode value="SHOULD"/>
    </extension>
  </implementationGuide>
  <rest>
    <mode value="server"/>
    <documentation value="&lt;div&gt;&lt;p&gt;A Smart Forms Launcher Server &lt;strong&gt;SHALL&lt;/strong&gt;:&lt;/p&gt;&lt;ol&gt;&lt;li&gt;Support the &lt;a href=&quot;http://hl7.org.au/fhir/core/0.3.0-ballot/StructureDefinition-au-core-patient.html&quot;&gt;AU Core Patient resource profile&lt;/a&gt;.&lt;/li&gt; &lt;li&gt;Support the &lt;a href=&quot;http://hl7.org.au/fhir/core/0.3.0-ballot/StructureDefinition-au-core-practitioner.html&quot;&gt;AU Core Practitioner resource profile&lt;/a&gt;.&lt;/li&gt; &lt;li&gt;Support the &lt;a href=&quot;http://hl7.org.au/fhir/core/0.3.0-ballot/StructureDefinition-au-core-encounter.html&quot;&gt;AU Core Encounter resource profile&lt;/a&gt;.&lt;/li&gt;&lt;li&gt;Support the &lt;a href=&quot;http://hl7.org.au/fhir/core/0.3.0-ballot/StructureDefinition-au-core-condition.html&quot;&gt;AU Core Condition resource profile&lt;/a&gt;.&lt;/li&gt; &lt;li&gt;Support the &lt;a href=&quot;http://hl7.org.au/fhir/core/0.3.0-ballot/profiles-and-extensions.html#observation&quot;&gt;AU Core Observation resource profiles&lt;/a&gt;.&lt;/li&gt;&lt;li&gt;Implement the RESTful behavior according to the FHIR specification.&lt;/li&gt;&lt;li&gt;Support JSON source formats for all interactions.&lt;/li&gt;&lt;/ol&gt;&lt;/div&gt;"/>
    <security>
      <cors value="true">
        <extension url="http://hl7.org/fhir/StructureDefinition/capabilitystatement-expectation">
          <valueCode value="SHALL"/>
        </extension>
      </cors>
      <service>
        <extension url="http://hl7.org/fhir/StructureDefinition/capabilitystatement-expectation">
          <valueCode value="SHALL"/>
        </extension>
        <coding>
          <system value="http://terminology.hl7.org/CodeSystem/restful-security-service"/>
          <code value="SMART-on-FHIR"/>
        </coding>
      </service>
      <description value="&lt;div&gt; &lt;p&gt;A Smart Forms Launcher Server &lt;strong&gt;SHALL&lt;/strong&gt;:&lt;/p&gt;&lt;ol&gt; &lt;li&gt;Support CORS headers&lt;/li&gt;&lt;li&gt;Support SMART on FHIR security services&lt;/li&gt;&lt;/ol&gt; &lt;p&gt;See the &lt;a href=&quot;http://hl7.org/fhir/uv/sdc/STU3/security.html&quot;&gt;Structured Data Capture Security Details&lt;/a&gt; section for general considerations and recommendations.&lt;/p&gt;&lt;/div&gt;"/>
    </security>
    <resource>
      <extension url="http://hl7.org/fhir/StructureDefinition/capabilitystatement-expectation">
        <valueCode value="SHALL"/>
      </extension>
      <type value="Patient"/>
      <profile value="http://hl7.org.au/fhir/core/StructureDefinition/au-core-patient">
        <extension url="http://hl7.org/fhir/StructureDefinition/capabilitystatement-expectation">
          <valueCode value="SHALL"/>
        </extension>
      </profile>
      <documentation value="&lt;div&gt; &lt;p&gt;The server &lt;strong&gt;SHALL&lt;/strong&gt; support the Patient resource, AU Core profile and the conformance expectations for the Patient resource.&lt;/p&gt;&lt;/div&gt;"/>
      <interaction>
        <extension url="http://hl7.org/fhir/StructureDefinition/capabilitystatement-expectation">
          <valueCode value="SHALL"/>
        </extension>
        <code value="read"/>
      </interaction>
    </resource>
    <resource>
      <extension url="http://hl7.org/fhir/StructureDefinition/capabilitystatement-expectation">
        <valueCode value="SHALL"/>
      </extension>
      <type value="Practitioner"/>
      <profile value="http://hl7.org.au/fhir/core/StructureDefinition/au-core-practitioner">
        <extension url="http://hl7.org/fhir/StructureDefinition/capabilitystatement-expectation">
          <valueCode value="SHALL"/>
        </extension>
      </profile>
      <documentation value="&lt;div&gt; &lt;p&gt;The server &lt;strong&gt;SHALL&lt;/strong&gt; support the Practitioner resource, AU Core profile and the conformance expectations for the Practitioner resource.&lt;/p&gt;&lt;/div&gt;"/>
      <interaction>
        <extension url="http://hl7.org/fhir/StructureDefinition/capabilitystatement-expectation">
          <valueCode value="SHALL"/>
        </extension>
        <code value="read"/>
      </interaction>
    </resource>
    <resource>
      <extension url="http://hl7.org/fhir/StructureDefinition/capabilitystatement-expectation">
        <valueCode value="SHALL"/>
      </extension>
      <type value="Encounter"/>
      <profile value="http://hl7.org.au/fhir/core/StructureDefinition/au-core-encounter">
        <extension url="http://hl7.org/fhir/StructureDefinition/capabilitystatement-expectation">
          <valueCode value="SHALL"/>
        </extension>
      </profile>
      <documentation value="&lt;div&gt; &lt;p&gt;The server &lt;strong&gt;SHALL&lt;/strong&gt; support the Encounter resource, AU Core profile and the conformance expectations for the Encounter resource.&lt;/p&gt;&lt;/div&gt;"/>
      <interaction>
        <extension url="http://hl7.org/fhir/StructureDefinition/capabilitystatement-expectation">
          <valueCode value="SHALL"/>
        </extension>
        <code value="read"/>
      </interaction>
    </resource>
    <resource>
      <extension url="http://hl7.org/fhir/StructureDefinition/capabilitystatement-expectation">
        <valueCode value="SHALL"/>
      </extension>
      <extension url="http://hl7.org/fhir/StructureDefinition/capabilitystatement-search-parameter-combination">
        <extension url="http://hl7.org/fhir/StructureDefinition/capabilitystatement-expectation">
          <valueCode value="SHALL"/>
        </extension>
        <extension url="required">
          <valueString value="patient"/>
        </extension>
        <extension url="required">
          <valueString value="clinical-status"/>
        </extension>
      </extension>
      <type value="Condition"/>
      <profile value="http://hl7.org.au/fhir/core/StructureDefinition/au-core-condition">
        <extension url="http://hl7.org/fhir/StructureDefinition/capabilitystatement-expectation">
          <valueCode value="SHALL"/>
        </extension>
      </profile>
      <documentation value="&lt;div&gt; &lt;p&gt;The server &lt;strong&gt;SHALL&lt;/strong&gt; support the Condition resource, the AU Core profile and the conformance expectations for the Condition resource.&lt;/p&gt;&lt;/div&gt;"/>
      <interaction>
        <extension url="http://hl7.org/fhir/StructureDefinition/capabilitystatement-expectation">
          <valueCode value="SHALL"/>
        </extension>
        <code value="search-type"/>
      </interaction>
      <searchParam>
        <extension url="http://hl7.org/fhir/StructureDefinition/capabilitystatement-expectation">
          <valueCode value="SHALL"/>
        </extension>
        <name value="patient"/>
        <definition value="http://hl7.org/fhir/SearchParameter/clinical-patient"/>
        <type value="reference"/>
        <documentation value="&lt;div&gt;&lt;p&gt;The client &lt;strong&gt;SHALL&lt;/strong&gt; provide at least a id value and &lt;strong&gt;MAY&lt;/strong&gt; provide both the Type and id values. The server &lt;strong&gt;SHALL&lt;/strong&gt; support both.&lt;/p&gt;&lt;/div&gt;"/>
      </searchParam>
      <searchParam>
        <extension url="http://hl7.org/fhir/StructureDefinition/capabilitystatement-expectation">
          <valueCode value="SHALL"/>
        </extension>
        <name value="clinical-status"/>
        <definition value="http://hl7.org/fhir/SearchParameter/Condition-clinical-status"/>
        <type value="token"/>
        <documentation value="&lt;div&gt; &lt;p&gt;The client &lt;strong&gt;SHALL&lt;/strong&gt; provide at least a code value and &lt;strong&gt;MAY&lt;/strong&gt; provide both the code and system values. The server &lt;strong&gt;SHALL&lt;/strong&gt; support both.&lt;/p&gt;&lt;/div&gt;"/>
      </searchParam>
    </resource>
    <resource>
      <extension url="http://hl7.org/fhir/StructureDefinition/capabilitystatement-expectation">
        <valueCode value="SHALL"/>
      </extension>
      <extension url="http://hl7.org/fhir/StructureDefinition/capabilitystatement-search-parameter-combination">
        <extension url="http://hl7.org/fhir/StructureDefinition/capabilitystatement-expectation">
          <valueCode value="SHALL"/>
        </extension>
        <extension url="required">
          <valueString value="patient"/>
        </extension>
        <extension url="required">
          <valueString value="code"/>
        </extension>
        <extension url="required">
          <valueString value="_count"/>
        </extension>
        <extension url="required">
          <valueString value="_sort"/>
        </extension>
      </extension>
      <type value="Observation"/>
      <supportedProfile value="http://hl7.org.au/fhir/core/StructureDefinition/au-core-smokingstatus">
        <extension url="http://hl7.org/fhir/StructureDefinition/capabilitystatement-expectation">
          <valueCode value="SHALL"/>
        </extension>
      </supportedProfile>
      <supportedProfile value="http://hl7.org.au/fhir/core/StructureDefinition/au-core-bodyheight">
        <extension url="http://hl7.org/fhir/StructureDefinition/capabilitystatement-expectation">
          <valueCode value="SHALL"/>
        </extension>
      </supportedProfile>
      <supportedProfile value="http://hl7.org.au/fhir/core/StructureDefinition/au-core-bodyweight">
        <extension url="http://hl7.org/fhir/StructureDefinition/capabilitystatement-expectation">
          <valueCode value="SHALL"/>
        </extension>
      </supportedProfile>
      <supportedProfile value="http://hl7.org.au/fhir/core/StructureDefinition/au-core-headcircum|0.2.2-preview">
        <extension url="http://hl7.org/fhir/StructureDefinition/capabilitystatement-expectation">
          <valueCode value="SHALL"/>
        </extension>
      </supportedProfile>
      <supportedProfile value="http://hl7.org.au/fhir/core/StructureDefinition/au-core-waistcircum">
        <extension url="http://hl7.org/fhir/StructureDefinition/capabilitystatement-expectation">
          <valueCode value="SHALL"/>
        </extension>
      </supportedProfile>
      <supportedProfile value="http://hl7.org.au/fhir/core/StructureDefinition/au-core-bloodpressure">
        <extension url="http://hl7.org/fhir/StructureDefinition/capabilitystatement-expectation">
          <valueCode value="SHALL"/>
        </extension>
      </supportedProfile>
      <supportedProfile value="http://hl7.org.au/fhir/core/StructureDefinition/au-core-heartrate">
        <extension url="http://hl7.org/fhir/StructureDefinition/capabilitystatement-expectation">
          <valueCode value="SHALL"/>
        </extension>
      </supportedProfile>
      <supportedProfile value="http://hl7.org.au/fhir/core/StructureDefinition/au-core-lipid-result|0.2.2-preview">
        <extension url="http://hl7.org/fhir/StructureDefinition/capabilitystatement-expectation">
          <valueCode value="SHALL"/>
        </extension>
      </supportedProfile>
      <documentation value="&lt;div&gt; &lt;p&gt;The server &lt;strong&gt;SHALL&lt;/strong&gt; support the Observation resource, the AU Core profiles listed and the conformance expectations for the Observation resource.&lt;/p&gt;&lt;/div&gt;"/>
      <interaction>
        <extension url="http://hl7.org/fhir/StructureDefinition/capabilitystatement-expectation">
          <valueCode value="SHALL"/>
        </extension>
        <code value="search-type"/>
      </interaction>
      <searchParam>
        <extension url="http://hl7.org/fhir/StructureDefinition/capabilitystatement-expectation">
          <valueCode value="SHALL"/>
        </extension>
        <name value="patient"/>
        <definition value="http://hl7.org/fhir/SearchParameter/clinical-patient"/>
        <type value="reference"/>
        <documentation value="&lt;div&gt; &lt;p&gt;The client &lt;strong&gt;SHALL&lt;/strong&gt; provide at least a id value and &lt;strong&gt;MAY&lt;/strong&gt; provide both the Type and id values. The server &lt;strong&gt;SHALL&lt;/strong&gt; support both. &lt;/p&gt;&lt;/div&gt;"/>
      </searchParam>
      <searchParam>
        <extension url="http://hl7.org/fhir/StructureDefinition/capabilitystatement-expectation">
          <valueCode value="SHALL"/>
        </extension>
        <name value="code"/>
        <definition value="http://hl7.org/fhir/SearchParameter/clinical-code"/>
        <type value="token"/>
        <documentation value="&lt;div&gt; &lt;p&gt;The client &lt;strong&gt;SHALL&lt;/strong&gt; provide at least a code value and &lt;strong&gt;MAY&lt;/strong&gt; provide both the code and system values. The server &lt;strong&gt;SHALL&lt;/strong&gt; support both.&lt;/p&gt;&lt;/div&gt;"/>
      </searchParam>
      <searchParam>
        <extension url="http://hl7.org/fhir/StructureDefinition/capabilitystatement-expectation">
          <valueCode value="SHALL"/>
        </extension>
        <name value="_count"/>
        <type value="number"/>
        <documentation value="&lt;div&gt; &lt;p&gt;The client and server &lt;strong&gt;SHALL&lt;/strong&gt; support search result limiting.&lt;/p&gt;&lt;/div&gt;"/>
      </searchParam>
      <searchParam>
        <extension url="http://hl7.org/fhir/StructureDefinition/capabilitystatement-expectation">
          <valueCode value="SHALL"/>
        </extension>
        <name value="_sort"/>
        <type value="string"/>
        <documentation value="&lt;div&gt; &lt;p&gt;The client and server &lt;strong&gt;SHALL&lt;/strong&gt; support search result sorting by date and &lt;strong&gt;MAY&lt;/strong&gt; support other values.&lt;/p&gt;&lt;/div&gt;"/>
      </searchParam>
    </resource>
    <resource>
      <extension url="http://hl7.org/fhir/StructureDefinition/capabilitystatement-expectation">
        <valueCode value="SHALL"/>
      </extension>
      <extension url="http://hl7.org/fhir/StructureDefinition/capabilitystatement-search-parameter-combination">
        <extension url="http://hl7.org/fhir/StructureDefinition/capabilitystatement-expectation">
          <valueCode value="SHALL"/>
        </extension>
        <extension url="required">
          <valueString value="patient"/>
        </extension>
        <extension url="required">
          <valueString value="_count"/>
        </extension>
        <extension url="required">
          <valueString value="_sort"/>
        </extension>
      </extension>
      <extension url="http://hl7.org/fhir/StructureDefinition/capabilitystatement-search-parameter-combination">
        <extension url="http://hl7.org/fhir/StructureDefinition/capabilitystatement-expectation">
          <valueCode value="SHALL"/>
        </extension>
        <extension url="required">
          <valueString value="patient"/>
        </extension>
        <extension url="required">
          <valueString value="_count"/>
        </extension>
        <extension url="required">
          <valueString value="_sort"/>
        </extension>
        <extension url="required">
          <valueString value="questionnaire"/>
        </extension>
      </extension>
      <extension url="http://hl7.org/fhir/StructureDefinition/capabilitystatement-search-parameter-combination">
        <extension url="http://hl7.org/fhir/StructureDefinition/capabilitystatement-expectation">
          <valueCode value="SHALL"/>
        </extension>
        <extension url="required">
          <valueString value="patient"/>
        </extension>
        <extension url="required">
          <valueString value="_count"/>
        </extension>
        <extension url="required">
          <valueString value="_sort"/>
        </extension>
        <extension url="required">
          <valueString value="status"/>
        </extension>
      </extension>
      <type value="QuestionnaireResponse"/>
      <profile value="http://hl7.org/fhir/uv/sdc/StructureDefinition/sdc-questionnaireresponse">
        <extension url="http://hl7.org/fhir/StructureDefinition/capabilitystatement-expectation">
          <valueCode value="SHALL"/>
        </extension>
      </profile>
      <documentation value="&lt;div&gt; &lt;p&gt;The server &lt;strong&gt;SHALL&lt;/strong&gt; support the QuestionnaireResponse resource, Structured Data Capture profile and the conformance expectations for the QuestionnaireResponse resource.&lt;/p&gt;&lt;/div&gt;"/>
      <interaction>
        <extension url="http://hl7.org/fhir/StructureDefinition/capabilitystatement-expectation">
          <valueCode value="SHALL"/>
        </extension>
        <code value="read"/>
      </interaction>
      <interaction>
        <extension url="http://hl7.org/fhir/StructureDefinition/capabilitystatement-expectation">
          <valueCode value="SHALL"/>
        </extension>
        <code value="search-type"/>
      </interaction>
      <interaction>
        <extension url="http://hl7.org/fhir/StructureDefinition/capabilitystatement-expectation">
          <valueCode value="SHALL"/>
        </extension>
        <code value="create"/>
      </interaction>
      <interaction>
        <extension url="http://hl7.org/fhir/StructureDefinition/capabilitystatement-expectation">
          <valueCode value="SHALL"/>
        </extension>
        <code value="update"/>
      </interaction>
      <versioning value="versioned-update">
        <extension url="http://hl7.org/fhir/StructureDefinition/capabilitystatement-expectation">
          <valueCode value="SHALL"/>
        </extension>
      </versioning>
      <searchParam>
        <extension url="http://hl7.org/fhir/StructureDefinition/capabilitystatement-expectation">
          <valueCode value="SHALL"/>
        </extension>
        <name value="patient"/>
        <definition value="http://hl7.org/fhir/SearchParameter/QuestionnaireResponse-patient"/>
        <type value="reference"/>
        <documentation value="&lt;div&gt; &lt;p&gt;The client &lt;strong&gt;SHALL&lt;/strong&gt; provide at least a id value and &lt;strong&gt;MAY&lt;/strong&gt; provide both the Type and id values. The server &lt;strong&gt;SHALL&lt;/strong&gt; support both. &lt;/p&gt;&lt;/div&gt;"/>
      </searchParam>
      <searchParam>
        <extension url="http://hl7.org/fhir/StructureDefinition/capabilitystatement-expectation">
          <valueCode value="SHALL"/>
        </extension>
        <name value="questionnaire"/>
        <definition value="http://hl7.org/fhir/SearchParameter/QuestionnaireResponse-questionnaire"/>
        <type value="reference"/>
        <documentation value="&lt;div&gt; &lt;p&gt;The client &lt;strong&gt;SHALL&lt;/strong&gt; provide at least a id value and &lt;strong&gt;MAY&lt;/strong&gt; provide both the Type and id values. The server &lt;strong&gt;SHALL&lt;/strong&gt; support both.&lt;/p&gt; &lt;p&gt;The client and server &lt;strong&gt;SHALL&lt;/strong&gt; support chained search questionnaire.title using the :contains modifier.&lt;/p&gt;&lt;/div&gt;"/>
      </searchParam>
      <searchParam>
        <extension url="http://hl7.org/fhir/StructureDefinition/capabilitystatement-expectation">
          <valueCode value="SHALL"/>
        </extension>
        <name value="status"/>
        <definition value="http://hl7.org/fhir/SearchParameter/QuestionnaireResponse-status"/>
        <type value="token"/>
        <documentation value="&lt;div&gt; &lt;p&gt;The client &lt;strong&gt;SHALL&lt;/strong&gt; provide at least a code value and &lt;strong&gt;MAY&lt;/strong&gt; provide both the code and system values. The server &lt;strong&gt;SHALL&lt;/strong&gt; support both.&lt;/p&gt;&lt;/div&gt;"/>
      </searchParam>
      <searchParam>
        <extension url="http://hl7.org/fhir/StructureDefinition/capabilitystatement-expectation">
          <valueCode value="SHALL"/>
        </extension>
        <name value="_count"/>
        <type value="number"/>
        <documentation value="&lt;div&gt; &lt;p&gt;The client and server &lt;strong&gt;SHALL&lt;/strong&gt; support search result limiting.&lt;/p&gt;&lt;/div&gt;"/>
      </searchParam>
      <searchParam>
        <extension url="http://hl7.org/fhir/StructureDefinition/capabilitystatement-expectation">
          <valueCode value="SHALL"/>
        </extension>
        <name value="_sort"/>
        <type value="string"/>
        <documentation value="&lt;div&gt; &lt;p&gt;The client and server &lt;strong&gt;SHALL&lt;/strong&gt; support search result sorting by authored and &lt;strong&gt;MAY&lt;/strong&gt; support other values.&lt;/p&gt;&lt;/div&gt;"/>
      </searchParam>
    </resource>
  </rest>
</CapabilityStatement>