{
  "codeSystems" : [
    {
      "url" : "http://hl7.org/fhir/administrative-gender",
      "version" : "4.0.1",
      "status" : "active",
      "name" : "AdministrativeGender",
      "title" : "AdministrativeGender",
      "description" : "The gender of a person used for administrative purposes.",
      "oids" : ["2.16.840.1.113883.4.642.4.2"],
      "uses" : {
      },
      "ValueSet-administrative-gender.html" : "AdministrativeGender",
      "ValueSet-AboriginalTorresStraitIslanderHealthCheck_administrative-gender.html" : "AdministrativeGender",
      "ValueSet-AssemblyInstructions_administrative-gender.html" : "AdministrativeGender",
      "ValueSet-PatientDetails_administrative-gender.html" : "AdministrativeGender"
    },
    {
      "url" : "http://hl7.org/fhir/identifier-use",
      "version" : "4.0.1",
      "status" : "active",
      "name" : "IdentifierUse",
      "title" : "IdentifierUse",
      "description" : "Identifies the purpose for this identifier, if known .",
      "oids" : ["2.16.840.1.113883.4.642.4.58"],
      "uses" : {
      },
      "http://hl7.org/fhir/R4/valueset-identifier-use.html" : "IdentifierUse"
    },
    {
      "url" : "http://hl7.org/fhir/questionnaire-item-control",
      "version" : "5.2.0",
      "status" : "active",
      "name" : "QuestionnaireItemUIControlCodes",
      "title" : "Questionnaire Item UI Control Codes System",
      "description" : "Starter set of user interface control/display mechanisms that might be used when rendering an item in a questionnaire.",
      "oids" : [
        "2.16.840.1.113883.4.642.4.932",
        "2.16.840.1.113883.4.642.1.849"
      ],
      "uses" : {
      },
      "ValueSet-questionnaire-item-control.html" : "Questionnaire Item UI Control Codes"
    },
    {
      "url" : "http://loinc.org",
      "version" : "3.1.0",
      "status" : "active",
      "name" : "LOINC",
      "title" : "Logical Observation Identifiers, Names and Codes (LOINC)",
      "description" : "LOINC provides a set of universal names and ID codes for identifying laboratory and clinical test results.1,2 LOINC facilitates the exchange and pooling of results, such as blood hemoglobin, serum potassium, or vital signs, for clinical care, outcomes management, and research. LOINC's universal identifiers (names and codes) can be used in the context of order and observation exchanges between information systems that use syntax standards such as HL73, CEN TC251, ISO TC215, ASTM4, and DICOM. Specifically, the identifier can be used as the coded value for an observation in any other standard that uses the observation/observation value paradigm, whether messages, documents, application programming interface (API), etc. For example, LOINC codes are used widely in the OBX segment Observation Identifier field (OBX-3) of an ORU HL7 (HL7 version 2.x or ASTM 1238-9410) message that may be sent between a Clinical Laboratory Information Management Systems (LIMS) and Electronic Health Record Systems (EHR).5, 6 In this way, LOINC codes provide universal identifiers that allow the exchange of clinical data between heterogeneous computing environments.",
      "oids" : ["2.16.840.1.113883.6.1"],
      "uses" : {
      },
      "ValueSet-AssemblyInstructions_australian-pronouns-1.html" : "Australian Pronouns",
      "ValueSet-AboriginalTorresStraitIslanderHealthCheck_australian-pronouns-1.html" : "Australian Pronouns",
      "ValueSet-australian-pronouns-1.html" : "Australian Pronouns",
      "ValueSet-PatientDetails_australian-pronouns-1.html" : "Australian Pronouns"
    },
    {
      "url" : "http://snomed.info/sct",
      "version" : null,
      "status" : "active",
      "name" : "SNOMED_CT",
      "title" : "SNOMED CT (all versions)",
      "description" : "SNOMED CT is the most comprehensive and precise clinical health terminology product in the world, owned and distributed around the world by The International Health Terminology Standards Development Organisation (IHTSDO).",
      "oids" : ["2.16.840.1.113883.6.96"],
      "uses" : {
      },
      "ValueSet-AboriginalTorresStraitIslanderHealthCheck_gender-identity-response-1.html" : "Gender Identity Response",
      "ValueSet-AboriginalTorresStraitIslanderHealthCheck_SmokingQuitStatus-1.html" : "Smoking Quit Status",
      "ValueSet-AboriginalTorresStraitIslanderHealthCheck_clinical-condition-1.html" : "Clinical Condition",
      "ValueSet-AssemblyInstructions_clinical-condition-1.html" : "Clinical Condition",
      "ValueSet-PatientDetails_biological-sex-1.html" : "Biological Sex",
      "ValueSet-AboriginalTorresStraitIslanderHealthCheck_CervicalScreeningStatus-1.html" : "Cervical Screening Status",
      "ValueSet-SubstanceUse_SmokingQuitStatus-1.html" : "Smoking Quit Status",
      "ValueSet-AssemblyInstructions_gender-identity-response-1.html" : "Gender Identity Response",
      "ValueSet-CervicalScreeningStatus-1.html" : "Cervical Screening Status",
      "ValueSet-AssemblyInstructions_SmokingQuitStatus-1.html" : "Smoking Quit Status",
      "ValueSet-AboriginalTorresStraitIslanderHealthCheck_biological-sex-1.html" : "Biological Sex",
      "ValueSet-MedicalHistoryCurrentProblems_clinical-condition-1.html" : "Clinical Condition",
      "ValueSet-SexualHealth_CervicalScreeningStatus-1.html" : "Cervical Screening Status",
      "ValueSet-AbsoluteCVDRiskCalculation_biological-sex-1.html" : "Biological Sex",
      "ValueSet-PatientDetails_gender-identity-response-1.html" : "Gender Identity Response",
      "ValueSet-gender-identity-response-1.html" : "Gender Identity Response",
      "ValueSet-SmokingQuitStatus-1.html" : "Smoking Quit Status",
      "ValueSet-AssemblyInstructions_biological-sex-1.html" : "Biological Sex",
      "ValueSet-clinical-condition-1.html" : "Clinical Condition",
      "ValueSet-biological-sex-1.html" : "Biological Sex",
      "ValueSet-AssemblyInstructions_CervicalScreeningStatus-1.html" : "Cervical Screening Status"
    },
    {
      "url" : "http://terminology.hl7.org/CodeSystem/condition-clinical",
      "version" : "3.0.0",
      "status" : "active",
      "name" : "ConditionClinicalStatusCodes",
      "title" : "Condition Clinical Status Codes",
      "description" : "Preferred value set for Condition Clinical Status.",
      "oids" : ["2.16.840.1.113883.4.642.1.1074"],
      "uses" : {
      },
      "ValueSet-AssemblyInstructions_condition-clinical.html" : "Condition Clinical Status Codes",
      "ValueSet-AboriginalTorresStraitIslanderHealthCheck_condition-clinical.html" : "Condition Clinical Status Codes",
      "ValueSet-MedicalHistoryCurrentProblems_condition-clinical.html" : "Condition Clinical Status Codes",
      "ValueSet-condition-clinical.html" : "Condition Clinical Status Codes"
    },
    {
      "url" : "http://terminology.hl7.org/CodeSystem/data-absent-reason",
      "version" : "1.0.0",
      "status" : "active",
      "name" : "DataAbsentReason",
      "title" : "DataAbsentReason",
      "description" : "Used to specify why the normally expected content of the data element is missing.",
      "oids" : ["2.16.840.1.113883.4.642.4.1048"],
      "uses" : {
      },
      "ValueSet-AboriginalTorresStraitIslanderHealthCheck_gender-identity-response-1.html" : "Gender Identity Response",
      "ValueSet-AssemblyInstructions_australian-pronouns-1.html" : "Australian Pronouns",
      "ValueSet-AboriginalTorresStraitIslanderHealthCheck_australian-pronouns-1.html" : "Australian Pronouns",
      "ValueSet-SexualHealth_YesNoNotAskedDeclined.html" : "Yes/No/Not Asked/Asked But Declined",
      "ValueSet-australian-pronouns-1.html" : "Australian Pronouns",
      "ValueSet-PatientDetails_gender-identity-response-1.html" : "Gender Identity Response",
      "ValueSet-gender-identity-response-1.html" : "Gender Identity Response",
      "ValueSet-AboriginalTorresStraitIslanderHealthCheck_YesNoNotAskedDeclined.html" : "Yes/No/Not Asked/Asked But Declined",
      "ValueSet-YesNoNotAskedDeclined.html" : "Yes/No/Not Asked/Asked But Declined",
      "ValueSet-AssemblyInstructions_gender-identity-response-1.html" : "Gender Identity Response",
      "ValueSet-PatientDetails_australian-pronouns-1.html" : "Australian Pronouns",
      "ValueSet-AssemblyInstructions_YesNoNotAskedDeclined.html" : "Yes/No/Not Asked/Asked But Declined"
    },
    {
      "url" : "http://terminology.hl7.org/CodeSystem/v2-0203",
      "version" : "4.0.0",
      "status" : "active",
      "name" : "IdentifierType",
      "title" : "identifierType",
      "description" : "HL7-defined code system of concepts specifying type of identifier. Used in HL7 Version 2.x messaging data types CX, PLN, PPN, XCN and XON.",
      "oids" : ["2.16.840.1.113883.18.108"],
      "uses" : {
      },
      "http://hl7.org/fhir/R4/valueset-identifier-type.html" : "IdentifierType"
    },
    {
      "url" : "http://terminology.hl7.org/CodeSystem/v2-0532",
      "version" : "2.1.0",
      "status" : "active",
      "name" : "ExpandedYesNoIndicator",
      "title" : "expandedYes-NoIndicator",
      "description" : "HL7-defined code system of concepts used to specify an expansion on the original Yes/No indicator table by including \"flavors of null\".  It is intended to be applied to fields where the response is not limited to \"yes\" or \"no\".  Used in numerous locations in HL7 Version 2.x messaging.",
      "oids" : ["2.16.840.1.113883.18.347"],
      "uses" : {
      },
      "ValueSet-OralAndDentalHealth_YesNo.html" : "Yes/No",
      "ValueSet-LearningAndWork_YesNo.html" : "Yes/No",
      "ValueSet-RegularMedications_YesNo.html" : "Yes/No",
      "ValueSet-EarHealthAndHearing_YesNo.html" : "Yes/No",
      "ValueSet-Gambling_YesNo.html" : "Yes/No",
      "ValueSet-LearningAndWork_YesNoNA.html" : "Yes/No/NA",
      "ValueSet-AboutTheHealthCheck_YesNoNA.html" : "Yes/No/NA",
      "ValueSet-PhysicalActivityAndScreenTime_YesNo.html" : "Yes/No",
      "ValueSet-EyeHealth_YesNo.html" : "Yes/No",
      "ValueSet-SexualHealth_YesNo.html" : "Yes/No",
      "ValueSet-AboriginalTorresStraitIslanderHealthCheck_YesNoNotAskedDeclined.html" : "Yes/No/Not Asked/Asked But Declined",
      "ValueSet-Skin_YesNo.html" : "Yes/No",
      "ValueSet-PatientDetails_YesNoNA.html" : "Yes/No/NA",
      "ValueSet-AssemblyInstructions_YesNoNA.html" : "Yes/No/NA",
      "ValueSet-CurrentPriorities_YesNo.html" : "Yes/No",
      "ValueSet-HealthyEating_YesNo.html" : "Yes/No",
      "ValueSet-SocialAndEmotionalWellbeing_YesNo.html" : "Yes/No",
      "ValueSet-MemoryAndThinking_YesNo.html" : "Yes/No",
      "ValueSet-YesNoNA.html" : "Yes/No/NA",
      "ValueSet-Consent_YesNoNA.html" : "Yes/No/NA",
      "ValueSet-AssemblyInstructions_YesNo.html" : "Yes/No",
      "ValueSet-HomeAndFamily_YesNo.html" : "Yes/No",
      "ValueSet-Immunisation_YesNo.html" : "Yes/No",
      "ValueSet-SocialHistoryChild_YesNo.html" : "Yes/No",
      "ValueSet-AboriginalTorresStraitIslanderHealthCheck_YesNo.html" : "Yes/No",
      "ValueSet-SexualHealth_YesNoNotAskedDeclined.html" : "Yes/No/Not Asked/Asked But Declined",
      "ValueSet-YesNoNotAskedDeclined.html" : "Yes/No/Not Asked/Asked But Declined",
      "ValueSet-YesNo.html" : "Yes/No",
      "ValueSet-AboriginalTorresStraitIslanderHealthCheck_YesNoNA.html" : "Yes/No/NA",
      "ValueSet-AssemblyInstructions_YesNoNotAskedDeclined.html" : "Yes/No/Not Asked/Asked But Declined"
    },
    {
      "url" : "http://terminology.hl7.org/CodeSystem/v3-NullFlavor",
      "version" : "3.0.0",
      "status" : "active",
      "name" : "NullFlavor",
      "title" : "NullFlavor",
      "description" : "A collection of codes specifying why a valid value is not present.",
      "oids" : ["2.16.840.1.113883.5.1008"],
      "uses" : {
      },
      "ValueSet-AssemblyInstructions_PrimaryCarerParentGrandparent.html" : "Primary Carer Of Parent Or Grandparent",
      "ValueSet-PatientDetails_PrimaryCarerParentGrandparent.html" : "Primary Carer Of Parent Or Grandparent",
      "ValueSet-PrimaryCarerParentGrandparent.html" : "Primary Carer Of Parent Or Grandparent",
      "ValueSet-AboriginalTorresStraitIslanderHealthCheck_PrimaryCarerParentGrandparent.html" : "Primary Carer Of Parent Or Grandparent"
    },
    {
      "url" : "http://terminology.hl7.org/CodeSystem/v3-RoleCode",
      "version" : "3.0.0",
      "status" : "active",
      "name" : "RoleCode",
      "title" : "RoleCode",
      "description" : "A set of codes further specifying the kind of Role; specific classification codes for further qualifying RoleClass codes.",
      "oids" : ["2.16.840.1.113883.5.111"],
      "uses" : {
      },
      "ValueSet-AssemblyInstructions_PrimaryCarerParentGrandparent.html" : "Primary Carer Of Parent Or Grandparent",
      "ValueSet-PatientDetails_PrimaryCarerParentGrandparent.html" : "Primary Carer Of Parent Or Grandparent",
      "ValueSet-PrimaryCarerParentGrandparent.html" : "Primary Carer Of Parent Or Grandparent",
      "ValueSet-AboriginalTorresStraitIslanderHealthCheck_PrimaryCarerParentGrandparent.html" : "Primary Carer Of Parent Or Grandparent"
    },
    {
      "url" : "https://healthterminologies.gov.au/fhir/CodeSystem/australian-indigenous-status-1",
      "version" : "1.0.3",
      "status" : "active",
      "name" : "AustralianIndigenousStatus",
      "title" : "Australian Indigenous Status",
      "description" : "The Australian Indigenous Status code system defines concepts to support the representation of a person's Indigenous status. That is, whether a person identifies as being of Aboriginal or Torres Strait Islander origin, as represented by a code. The concepts defined in this code system are equivalent to those defined in the METeOR value domains for Person Indigenous status code N for http://meteor.aihw.gov.au/content/index.phtml/itemId/602545, http://meteor.aihw.gov.au/content/index.phtml/itemId/270885, and http://meteor.aihw.gov.au/content/index.phtml/itemId/291036.",
      "oids" : ["1.2.36.1.2001.1004.200.10012"],
      "uses" : {
      },
      "ValueSet-AboriginalTorresStraitIslanderHealthCheck_AboriginalTorresStraitIslander.html" : "Aboriginal and/or Torres Strait Islander",
      "ValueSet-AssemblyInstructions_AboriginalTorresStraitIslander.html" : "Aboriginal and/or Torres Strait Islander",
      "ValueSet-AboriginalTorresStraitIslander.html" : "Aboriginal and/or Torres Strait Islander",
      "ValueSet-PatientDetails_AboriginalTorresStraitIslander.html" : "Aboriginal and/or Torres Strait Islander"
    },
    {
      "url" : "https://healthterminologies.gov.au/fhir/CodeSystem/australian-states-territories-1",
      "version" : "1.1.3",
      "status" : "active",
      "name" : "AustralianStatesAndTerritories",
      "title" : "Australian States and Territories",
      "description" : "The Australian States and Territories code system defines concepts that represent the Australian states and territories.",
      "oids" : ["1.2.36.1.2001.1004.200.10013"],
      "uses" : {
      },
      "ValueSet-AssemblyInstructions_australian-states-territories-2.html" : "Australian States and Territories",
      "ValueSet-australian-states-territories-2.html" : "Australian States and Territories",
      "ValueSet-AboriginalTorresStraitIslanderHealthCheck_australian-states-territories-2.html" : "Australian States and Territories",
      "ValueSet-PatientDetails_australian-states-territories-2.html" : "Australian States and Territories"
    }
  ]
}
