{
  "codeSystems" : [
    {
      "url" : "http://hl7.org/fhir/administrative-gender",
      "version" : "4.0.1",
      "status" : "active",
      "name" : "AdministrativeGender",
      "title" : "AdministrativeGender",
      "description" : "The gender of a person used for administrative purposes.",
      "oids" : ["2.16.840.1.113883.4.642.4.2"],
      "uses" : {
      },
      "ValueSet-AboriginalTorresStraitIslanderHealthCheck_administrative-gender.html" : "AdministrativeGender",
      "ValueSet-AssemblyInstructions_administrative-gender.html" : "AdministrativeGender",
      "ValueSet-administrative-gender.html" : "AdministrativeGender",
      "ValueSet-PatientDetails_administrative-gender.html" : "AdministrativeGender"
    },
    {
      "url" : "http://hl7.org/fhir/questionnaire-item-control",
      "version" : "5.1.0",
      "status" : "active",
      "name" : "QuestionnaireItemUIControlCodes",
      "title" : "Questionnaire Item UI Control Codes System",
      "description" : "Starter set of user interface control/display mechanisms that might be used when rendering an item in a questionnaire.",
      "oids" : [
        "2.16.840.1.113883.4.642.4.932",
        "2.16.840.1.113883.4.642.1.849"
      ],
      "uses" : {
      },
      "ValueSet-questionnaire-item-control.html" : "Questionnaire Item UI Control Codes"
    },
    {
      "url" : "http://loinc.org",
      "version" : "3.1.0",
      "status" : "active",
      "name" : "LOINC",
      "title" : "Logical Observation Identifiers, Names and Codes (LOINC)",
      "description" : "LOINC provides a set of universal names and ID codes for identifying laboratory and clinical test results.1,2 LOINC facilitates the exchange and pooling of results, such as blood hemoglobin, serum potassium, or vital signs, for clinical care, outcomes management, and research. LOINC's universal identifiers (names and codes) can be used in the context of order and observation exchanges between information systems that use syntax standards such as HL73, CEN TC251, ISO TC215, ASTM4, and DICOM. Specifically, the identifier can be used as the coded value for an observation in any other standard that uses the observation/observation value paradigm, whether messages, documents, application programming interface (API), etc. For example, LOINC codes are used widely in the OBX segment Observation Identifier field (OBX-3) of an ORU HL7 (HL7 version 2.x or ASTM 1238-9410) message that may be sent between a Clinical Laboratory Information Management Systems (LIMS) and Electronic Health Record Systems (EHR).5, 6 In this way, LOINC codes provide universal identifiers that allow the exchange of clinical data between heterogeneous computing environments.",
      "oids" : ["2.16.840.1.113883.6.1"],
      "uses" : {
      },
      "ValueSet-PatientDetails_australian-pronouns-1.html" : "Australian Pronouns",
      "ValueSet-AssemblyInstructions_australian-pronouns-1.html" : "Australian Pronouns",
      "ValueSet-australian-pronouns-1.html" : "Australian Pronouns",
      "ValueSet-AboriginalTorresStraitIslanderHealthCheck_australian-pronouns-1.html" : "Australian Pronouns"
    },
    {
      "url" : "http://snomed.info/sct",
      "version" : null,
      "status" : "active",
      "name" : "SNOMED_CT",
      "title" : "SNOMED CT (all versions)",
      "description" : "SNOMED CT is the most comprehensive and precise clinical health terminology product in the world, owned and distributed around the world by The International Health Terminology Standards Development Organisation (IHTSDO).",
      "oids" : ["2.16.840.1.113883.6.96"],
      "uses" : {
      },
      "ValueSet-AboriginalTorresStraitIslanderHealthCheck_biological-sex-1.html" : "Biological Sex",
      "ValueSet-SmokingQuitStatus-1.html" : "Smoking Quit Status",
      "ValueSet-gender-identity-response-1.html" : "Gender Identity Response",
      "ValueSet-AboriginalTorresStraitIslanderHealthCheck_SmokingQuitStatus-1.html" : "Smoking Quit Status",
      "ValueSet-CervicalScreeningStatus-1.html" : "Cervical Screening Status",
      "ValueSet-biological-sex-1.html" : "Biological Sex",
      "ValueSet-AssemblyInstructions_CervicalScreeningStatus-1.html" : "Cervical Screening Status",
      "ValueSet-SubstanceUse_SmokingQuitStatus-1.html" : "Smoking Quit Status",
      "ValueSet-AboriginalTorresStraitIslanderHealthCheck_clinical-condition-1.html" : "Clinical Condition",
      "ValueSet-PatientDetails_biological-sex-1.html" : "Biological Sex",
      "ValueSet-AssemblyInstructions_SmokingQuitStatus-1.html" : "Smoking Quit Status",
      "ValueSet-SexualHealth_CervicalScreeningStatus-1.html" : "Cervical Screening Status",
      "ValueSet-AboriginalTorresStraitIslanderHealthCheck_CervicalScreeningStatus-1.html" : "Cervical Screening Status",
      "ValueSet-AssemblyInstructions_biological-sex-1.html" : "Biological Sex",
      "ValueSet-clinical-condition-1.html" : "Clinical Condition",
      "ValueSet-MedicalHistoryCurrentProblems_clinical-condition-1.html" : "Clinical Condition",
      "ValueSet-PatientDetails_gender-identity-response-1.html" : "Gender Identity Response",
      "ValueSet-AboriginalTorresStraitIslanderHealthCheck_gender-identity-response-1.html" : "Gender Identity Response",
      "ValueSet-AssemblyInstructions_clinical-condition-1.html" : "Clinical Condition",
      "ValueSet-AssemblyInstructions_gender-identity-response-1.html" : "Gender Identity Response",
      "ValueSet-AbsoluteCVDRiskCalculation_biological-sex-1.html" : "Biological Sex"
    },
    {
      "url" : "http://terminology.hl7.org/CodeSystem/condition-clinical",
      "version" : "3.0.0",
      "status" : "active",
      "name" : "ConditionClinicalStatusCodes",
      "title" : "Condition Clinical Status Codes",
      "description" : "Preferred value set for Condition Clinical Status.",
      "oids" : ["2.16.840.1.113883.4.642.1.1074"],
      "uses" : {
      },
      "ValueSet-AssemblyInstructions_condition-clinical.html" : "Condition Clinical Status Codes",
      "ValueSet-condition-clinical.html" : "Condition Clinical Status Codes",
      "ValueSet-MedicalHistoryCurrentProblems_condition-clinical.html" : "Condition Clinical Status Codes",
      "ValueSet-AboriginalTorresStraitIslanderHealthCheck_condition-clinical.html" : "Condition Clinical Status Codes"
    },
    {
      "url" : "http://terminology.hl7.org/CodeSystem/data-absent-reason",
      "version" : "1.0.0",
      "status" : "active",
      "name" : "DataAbsentReason",
      "title" : "DataAbsentReason",
      "description" : "Used to specify why the normally expected content of the data element is missing.",
      "oids" : ["2.16.840.1.113883.4.642.4.1048"],
      "uses" : {
      },
      "ValueSet-PatientDetails_australian-pronouns-1.html" : "Australian Pronouns",
      "ValueSet-AssemblyInstructions_YesNoNotAskedDeclined.html" : "Yes/No/Not Asked/Asked But Declined",
      "ValueSet-AssemblyInstructions_australian-pronouns-1.html" : "Australian Pronouns",
      "ValueSet-gender-identity-response-1.html" : "Gender Identity Response",
      "ValueSet-australian-pronouns-1.html" : "Australian Pronouns",
      "ValueSet-PatientDetails_gender-identity-response-1.html" : "Gender Identity Response",
      "ValueSet-AboriginalTorresStraitIslanderHealthCheck_gender-identity-response-1.html" : "Gender Identity Response",
      "ValueSet-YesNoNotAskedDeclined.html" : "Yes/No/Not Asked/Asked But Declined",
      "ValueSet-SexualHealth_YesNoNotAskedDeclined.html" : "Yes/No/Not Asked/Asked But Declined",
      "ValueSet-AssemblyInstructions_gender-identity-response-1.html" : "Gender Identity Response",
      "ValueSet-AboriginalTorresStraitIslanderHealthCheck_australian-pronouns-1.html" : "Australian Pronouns",
      "ValueSet-AboriginalTorresStraitIslanderHealthCheck_YesNoNotAskedDeclined.html" : "Yes/No/Not Asked/Asked But Declined"
    },
    {
      "url" : "http://terminology.hl7.org/CodeSystem/v2-0532",
      "version" : "2.1.0",
      "status" : "active",
      "name" : "ExpandedYesNoIndicator",
      "title" : "expandedYes-NoIndicator",
      "description" : "HL7-defined code system of concepts used to specify an expansion on the original Yes/No indicator table by including \"flavors of null\".  It is intended to be applied to fields where the response is not limited to \"yes\" or \"no\".  Used in numerous locations in HL7 Version 2.x messaging.",
      "oids" : ["2.16.840.1.113883.18.347"],
      "uses" : {
      },
      "ValueSet-AssemblyInstructions_YesNo.html" : "Yes/No",
      "ValueSet-Gambling_YesNo.html" : "Yes/No",
      "ValueSet-PhysicalActivityAndScreenTime_YesNo.html" : "Yes/No",
      "ValueSet-AboriginalTorresStraitIslanderHealthCheck_YesNoNA.html" : "Yes/No/NA",
      "ValueSet-EyeHealth_YesNo.html" : "Yes/No",
      "ValueSet-YesNoNotAskedDeclined.html" : "Yes/No/Not Asked/Asked But Declined",
      "ValueSet-SexualHealth_YesNoNotAskedDeclined.html" : "Yes/No/Not Asked/Asked But Declined",
      "ValueSet-MemoryAndThinking_YesNo.html" : "Yes/No",
      "ValueSet-LearningAndWork_YesNo.html" : "Yes/No",
      "ValueSet-AssemblyInstructions_YesNoNA.html" : "Yes/No/NA",
      "ValueSet-RegularMedications_YesNo.html" : "Yes/No",
      "ValueSet-AssemblyInstructions_YesNoNotAskedDeclined.html" : "Yes/No/Not Asked/Asked But Declined",
      "ValueSet-PatientDetails_YesNoNA.html" : "Yes/No/NA",
      "ValueSet-Consent_YesNoNA.html" : "Yes/No/NA",
      "ValueSet-AboutTheHealthCheck_YesNoNA.html" : "Yes/No/NA",
      "ValueSet-LearningAndWork_YesNoNA.html" : "Yes/No/NA",
      "ValueSet-Immunisation_YesNo.html" : "Yes/No",
      "ValueSet-SocialAndEmotionalWellbeing_YesNo.html" : "Yes/No",
      "ValueSet-HealthyEating_YesNo.html" : "Yes/No",
      "ValueSet-CurrentPriorities_YesNo.html" : "Yes/No",
      "ValueSet-SexualHealth_YesNo.html" : "Yes/No",
      "ValueSet-OralAndDentalHealth_YesNo.html" : "Yes/No",
      "ValueSet-HomeAndFamily_YesNo.html" : "Yes/No",
      "ValueSet-YesNo.html" : "Yes/No",
      "ValueSet-Skin_YesNo.html" : "Yes/No",
      "ValueSet-SocialHistoryChild_YesNo.html" : "Yes/No",
      "ValueSet-AboriginalTorresStraitIslanderHealthCheck_YesNo.html" : "Yes/No",
      "ValueSet-YesNoNA.html" : "Yes/No/NA",
      "ValueSet-AboriginalTorresStraitIslanderHealthCheck_YesNoNotAskedDeclined.html" : "Yes/No/Not Asked/Asked But Declined",
      "ValueSet-EarHealthAndHearing_YesNo.html" : "Yes/No"
    },
    {
      "url" : "http://terminology.hl7.org/CodeSystem/v3-NullFlavor",
      "version" : "3.0.0",
      "status" : "active",
      "name" : "NullFlavor",
      "title" : "NullFlavor",
      "description" : "A collection of codes specifying why a valid value is not present.",
      "oids" : ["2.16.840.1.113883.5.1008"],
      "uses" : {
      },
      "ValueSet-AboriginalTorresStraitIslanderHealthCheck_PrimaryCarerParentGrandparent.html" : "Primary Carer Of Parent Or Grandparent",
      "ValueSet-AssemblyInstructions_PrimaryCarerParentGrandparent.html" : "Primary Carer Of Parent Or Grandparent",
      "ValueSet-PatientDetails_PrimaryCarerParentGrandparent.html" : "Primary Carer Of Parent Or Grandparent",
      "ValueSet-PrimaryCarerParentGrandparent.html" : "Primary Carer Of Parent Or Grandparent"
    },
    {
      "url" : "http://terminology.hl7.org/CodeSystem/v3-RoleCode",
      "version" : "3.0.0",
      "status" : "active",
      "name" : "RoleCode",
      "title" : "RoleCode",
      "description" : "A set of codes further specifying the kind of Role; specific classification codes for further qualifying RoleClass codes.",
      "oids" : ["2.16.840.1.113883.5.111"],
      "uses" : {
      },
      "ValueSet-AboriginalTorresStraitIslanderHealthCheck_PrimaryCarerParentGrandparent.html" : "Primary Carer Of Parent Or Grandparent",
      "ValueSet-AssemblyInstructions_PrimaryCarerParentGrandparent.html" : "Primary Carer Of Parent Or Grandparent",
      "ValueSet-PatientDetails_PrimaryCarerParentGrandparent.html" : "Primary Carer Of Parent Or Grandparent",
      "ValueSet-PrimaryCarerParentGrandparent.html" : "Primary Carer Of Parent Or Grandparent"
    }
  ]
}
