<?xml version="1.0" encoding="UTF-8"?>

<CodeSystem xmlns="http://hl7.org/fhir">
  <id value="HealthChecksSCTSupplement"/>
  <text>
    <status value="generated"/><div xmlns="http://www.w3.org/1999/xhtml"><p class="res-header-id"><b>Generated Narrative: CodeSystem HealthChecksSCTSupplement</b></p><a name="HealthChecksSCTSupplement"> </a><a name="hcHealthChecksSCTSupplement"> </a><p>This code system supplement <code>https://smartforms.csiro.au/ig/CodeSystem/HealthChecksSCTSupplement</code> defines features on the following codes:</p><table class="codes"><tr><td style="white-space:nowrap"><b>Code</b></td><td><b>Display</b></td></tr><tr><td style="white-space:nowrap">736595007<a name="HealthChecksSCTSupplement-736595007"> </a></td><td>Declined</td></tr><tr><td style="white-space:nowrap">171154002<a name="HealthChecksSCTSupplement-171154002"> </a></td><td>Not required</td></tr><tr><td style="white-space:nowrap">171155001<a name="HealthChecksSCTSupplement-171155001"> </a></td><td>Up to date</td></tr><tr><td style="white-space:nowrap">48031000119106<a name="HealthChecksSCTSupplement-48031000119106"> </a></td><td>Quit &gt;12 months</td></tr><tr><td style="white-space:nowrap">735128000<a name="HealthChecksSCTSupplement-735128000"> </a></td><td>Quit &lt;12 months</td></tr></table></div>
  </text>
  <url value="https://smartforms.csiro.au/ig/CodeSystem/HealthChecksSCTSupplement"/>
  <version value="0.2.0"/>
  <name value="HealthChecksSCTSupplement"/>
  <title value="SNOMED CT Supplement for Aboriginal and Torres Strait Islander Health Check"/>
  <status value="draft"/>
  <experimental value="false"/>
  <date value="2025-06-26T16:23:30+10:00"/>
  <publisher value="AEHRC CSIRO"/>
  <contact>
    <name value="AEHRC CSIRO"/>
    <telecom>
      <system value="url"/>
      <value value="https://confluence.csiro.au/display/PCDQFPhase2/Primary+Care+Data+Quality+Foundations+-+Phase+2"/>
    </telecom>
  </contact>
  <description value="The SNOMED CT Supplement for Aboriginal and Torres Strait Islander Health Check code system supplement defines consumer friendly terms for use in the health check Questionnaire."/>
  <copyright value="Copyright © 2022+ Australian Government Department of Health and Aged Care - All rights reserved. This content is licensed under a Creative Commons Attribution-ShareAlike 4.0 International License. See https://creativecommons.org/licenses/by-sa/4.0/."/>
  <content value="supplement"/>
  <supplements value="http://snomed.info/sct|http://snomed.info/sct/32506021000036107"/>
  <concept>
    <code value="736595007"/>
    <display value="Declined"/>
  </concept>
  <concept>
    <code value="171154002"/>
    <display value="Not required"/>
  </concept>
  <concept>
    <code value="171155001"/>
    <display value="Up to date"/>
  </concept>
  <concept>
    <code value="48031000119106"/>
    <display value="Quit &gt;12 months"/>
  </concept>
  <concept>
    <code value="735128000"/>
    <display value="Quit &lt;12 months"/>
  </concept>
</CodeSystem>