{"resourceType":"ValueSet","id":"YesNoNotAskedDeclined","text":{"status":"generated","div":"<div xmlns=\"http://www.w3.org/1999/xhtml\"><p class=\"res-header-id\"><b>Generated Narrative: ValueSet YesNoNotAskedDeclined</b></p><a name=\"YesNoNotAskedDeclined\"> </a><a name=\"hcYesNoNotAskedDeclined\"> </a><a name=\"YesNoNotAskedDeclined-en-US\"> </a><div style=\"border: black 1px dotted; background-color: #EEEEEE; padding: 8px; margin-bottom: 8px\"><p>Expansion based on:</p><ul><li>system DataAbsentReason version5.0.0-ballot</li><li><a href=\"http://terminology.hl7.org/5.0.0/CodeSystem-v2-0532.html\">system expandedYes-NoIndicator v2.1.0 (CodeSystem)</a></li></ul></div><p>This value set contains 4 concepts</p><table class=\"codes\"><tr><td style=\"white-space:nowrap\"><b>Code</b></td><td><b>System</b></td><td><b>Display</b></td><td><b>Definition</b></td></tr><tr><td style=\"white-space:nowrap\"><a name=\"YesNoNotAskedDeclined-http://terminology.hl7.org/CodeSystem/v2-0532-Y\"> </a>\u00a0\u00a0<a href=\"http://terminology.hl7.org/5.0.0/CodeSystem-v2-0532.html#v2-0532-Y\">Y</a></td><td>http://terminology.hl7.org/CodeSystem/v2-0532</td><td>Yes</td><td><div><p>Yes</p>\n</div></td></tr><tr><td style=\"white-space:nowrap\"><a name=\"YesNoNotAskedDeclined-http://terminology.hl7.org/CodeSystem/v2-0532-N\"> </a>\u00a0\u00a0<a href=\"http://terminology.hl7.org/5.0.0/CodeSystem-v2-0532.html#v2-0532-N\">N</a></td><td>http://terminology.hl7.org/CodeSystem/v2-0532</td><td>No</td><td><div><p>No</p>\n</div></td></tr><tr><td style=\"white-space:nowrap\"><a name=\"YesNoNotAskedDeclined-http://terminology.hl7.org/CodeSystem/v2-0532-NASK\"> </a>\u00a0\u00a0<a href=\"http://terminology.hl7.org/5.0.0/CodeSystem-v2-0532.html#v2-0532-NASK\">NASK</a></td><td>http://terminology.hl7.org/CodeSystem/v2-0532</td><td>Not Asked</td><td><div><p>not asked</p>\n</div></td></tr><tr><td style=\"white-space:nowrap\"><a name=\"YesNoNotAskedDeclined-http://terminology.hl7.org/CodeSystem/data-absent-reason-asked-declined\"> </a>\u00a0\u00a0<a href=\"http://terminology.hl7.org/6.0.2/CodeSystem-data-absent-reason.html#data-absent-reason-asked-declined\">asked-declined</a></td><td>http://terminology.hl7.org/CodeSystem/data-absent-reason</td><td>Asked But Declined</td><td><div><p>The source was asked but declined to answer.</p>\n</div></td></tr></table></div>"},"url":"https://smartforms.csiro.au/ig/ValueSet/YesNoNotAskedDeclined","version":"0.2.0","name":"YesNoNotAskedDeclined","title":"Yes/No/Not Asked/Asked But Declined","status":"draft","experimental":false,"date":"2024-10-25T12:49:36+10:00","publisher":"AEHRC CSIRO","contact":[{"name":"AEHRC CSIRO","telecom":[{"system":"url","value":"https://confluence.csiro.au/display/PCDQFPhase2/Primary+Care+Data+Quality+Foundations+-+Phase+2"}]}],"description":"Concepts for Yes, No, Not Asked and Asked But Declined","copyright":"Copyright © 2022+ Australian Government Department of Health and Aged Care - All rights reserved. This content is licensed under a Creative Commons Attribution-ShareAlike 4.0 International License. See https://creativecommons.org/licenses/by-sa/4.0/.","compose":{"include":[{"system":"http://terminology.hl7.org/CodeSystem/v2-0532","concept":[{"code":"Y","display":"Yes"},{"code":"N","display":"No"},{"code":"NASK","display":"Not Asked"}]},{"system":"http://terminology.hl7.org/CodeSystem/data-absent-reason","concept":[{"code":"asked-declined","display":"Asked But Declined"}]}]},"expansion":{"identifier":"urn:uuid:8eda7c3c-cc35-49fa-ac6c-c0e4f0a4e203","timestamp":"2023-09-01T11:17:57+10:00","total":4,"parameter":[{"name":"version","valueUri":"http://terminology.hl7.org/CodeSystem/data-absent-reason|5.0.0-ballot"},{"name":"used-codesystem","valueUri":"http://terminology.hl7.org/CodeSystem/data-absent-reason|5.0.0-ballot"},{"name":"version","valueUri":"http://terminology.hl7.org/CodeSystem/v2-0532|2.1.0"},{"name":"used-codesystem","valueUri":"http://terminology.hl7.org/CodeSystem/v2-0532|2.1.0"}],"contains":[{"system":"http://terminology.hl7.org/CodeSystem/v2-0532","version":"2.1.0","code":"Y","display":"Yes"},{"system":"http://terminology.hl7.org/CodeSystem/v2-0532","version":"2.1.0","code":"N","display":"No"},{"system":"http://terminology.hl7.org/CodeSystem/v2-0532","version":"2.1.0","code":"NASK","display":"Not Asked"},{"system":"http://terminology.hl7.org/CodeSystem/data-absent-reason","version":"5.0.0-ballot","code":"asked-declined","display":"Asked But Declined"}]}}