{"resourceType":"ValueSet","id":"australian-pronouns-1","text":{"status":"generated","div":"<div xmlns=\"http://www.w3.org/1999/xhtml\"><p class=\"res-header-id\"><b>Generated Narrative: ValueSet australian-pronouns-1</b></p><a name=\"australian-pronouns-1\"> </a><a name=\"hcaustralian-pronouns-1\"> </a><a name=\"australian-pronouns-1-en-US\"> </a><div style=\"border: black 1px dotted; background-color: #EEEEEE; padding: 8px; margin-bottom: 8px\"><p>Expansion based on:</p><ul><li>Loinc v2.77</li><li>system DataAbsentReason version5.0.0-ballot</li></ul></div><p>This value set contains 7 concepts</p><table class=\"codes\"><tr><td style=\"white-space:nowrap\"><b>Code</b></td><td><b>System</b></td><td><b>Display</b></td><td><b>Definition</b></td></tr><tr><td style=\"white-space:nowrap\"><a name=\"australian-pronouns-1-http://loinc.org-LA29518-0\"> </a>\u00a0\u00a0<a href=\"https://loinc.org/LA29518-0/\">LA29518-0</a></td><td>http://loinc.org</td><td>he/him/his/his/himself</td><td><div/></td></tr><tr><td style=\"white-space:nowrap\"><a name=\"australian-pronouns-1-http://loinc.org-LA29519-8\"> </a>\u00a0\u00a0<a href=\"https://loinc.org/LA29519-8/\">LA29519-8</a></td><td>http://loinc.org</td><td>she/her/her/hers/herself</td><td><div/></td></tr><tr><td style=\"white-space:nowrap\"><a name=\"australian-pronouns-1-http://loinc.org-LA29520-6\"> </a>\u00a0\u00a0<a href=\"https://loinc.org/LA29520-6/\">LA29520-6</a></td><td>http://loinc.org</td><td>they/them/their/theirs/themselves</td><td><div/></td></tr><tr><td style=\"white-space:nowrap\"><a name=\"australian-pronouns-1-http://terminology.hl7.org/CodeSystem/data-absent-reason-asked-declined\"> </a>\u00a0\u00a0<a href=\"http://terminology.hl7.org/6.0.2/CodeSystem-data-absent-reason.html#data-absent-reason-asked-declined\">asked-declined</a></td><td>http://terminology.hl7.org/CodeSystem/data-absent-reason</td><td>Asked But Declined</td><td><div><p>The source was asked but declined to answer.</p>\n</div></td></tr><tr><td style=\"white-space:nowrap\"><a name=\"australian-pronouns-1-http://terminology.hl7.org/CodeSystem/data-absent-reason-asked-unknown\"> </a>\u00a0\u00a0<a href=\"http://terminology.hl7.org/6.0.2/CodeSystem-data-absent-reason.html#data-absent-reason-asked-unknown\">asked-unknown</a></td><td>http://terminology.hl7.org/CodeSystem/data-absent-reason</td><td>Asked But Unknown</td><td><div><p>The source was asked but does not know the value.</p>\n</div></td></tr><tr><td style=\"white-space:nowrap\"><a name=\"australian-pronouns-1-http://terminology.hl7.org/CodeSystem/data-absent-reason-not-asked\"> </a>\u00a0\u00a0<a href=\"http://terminology.hl7.org/6.0.2/CodeSystem-data-absent-reason.html#data-absent-reason-not-asked\">not-asked</a></td><td>http://terminology.hl7.org/CodeSystem/data-absent-reason</td><td>Not Asked</td><td><div><p>The workflow didn't lead to this value being known.</p>\n</div></td></tr><tr><td style=\"white-space:nowrap\"><a name=\"australian-pronouns-1-http://terminology.hl7.org/CodeSystem/data-absent-reason-unknown\"> </a>\u00a0\u00a0<a href=\"http://terminology.hl7.org/6.0.2/CodeSystem-data-absent-reason.html#data-absent-reason-unknown\">unknown</a></td><td>http://terminology.hl7.org/CodeSystem/data-absent-reason</td><td>Unknown</td><td><div><p>The value is expected to exist but is not known.</p>\n</div></td></tr></table></div>"},"url":"https://healthterminologies.gov.au/fhir/ValueSet/australian-pronouns-1","identifier":[{"system":"urn:ietf:rfc:3986","value":"urn:oid:1.2.36.1.2001.1004.201.10284"}],"version":"1.0.0","name":"AustralianPronouns","title":"Australian Pronouns","status":"active","experimental":false,"date":"2024-02-29","publisher":"Australian Digital Health Agency","contact":[{"telecom":[{"system":"email","value":"help@digitalhealth.gov.au"}]}],"description":"The Australian Pronouns value set includes values that indicate the pronouns to be used when communicating with or about an individual.","copyright":"Copyright © 2024 Australian Digital Health Agency - All rights reserved. Except for the material identified below, this content is licensed under a Creative Commons Attribution 4.0 International License. See https://creativecommons.org/licenses/by/4.0/. \n\nThis material contains content from LOINC (http://loinc.org). LOINC is copyright 1995-2024, Regenstrief Institute, Inc. and the Logical Observation Identifiers Names and Codes (LOINC) Committee and is available at no cost under the license at http://loinc.org/license. LOINC® is a registered United States trademark of Regenstrief Institute, Inc.\n\nThis material contains information which is protected by copyright. You may download, display, print and reproduce any material for your personal, non-commercial use or use within your organisation subject to the following terms and conditions: \n\nThis resource also includes all or a portion of material from the HL7 Terminology (THO). THO is copyright ©1989+ Health Level Seven International and is made available under the CC0 designation. For more licensing information see: https://terminology.hl7.org/license.","compose":{"include":[{"system":"http://loinc.org","concept":[{"code":"LA29518-0","display":"he/him/his/his/himself"},{"code":"LA29519-8","display":"she/her/her/hers/herself"},{"code":"LA29520-6","display":"they/them/their/theirs/themselves"}]},{"system":"http://terminology.hl7.org/CodeSystem/data-absent-reason","concept":[{"code":"unknown"},{"code":"asked-declined"},{"code":"not-asked"},{"code":"asked-unknown"}]}]},"expansion":{"identifier":"urn:uuid:ca145c1c-4915-4957-888a-39e69de8b1ad","timestamp":"2024-04-02T14:25:01+10:00","total":7,"parameter":[{"name":"version","valueUri":"http://loinc.org|2.77"},{"name":"used-codesystem","valueUri":"http://loinc.org|2.77"},{"name":"version","valueUri":"http://terminology.hl7.org/CodeSystem/data-absent-reason|5.0.0-ballot"},{"name":"used-codesystem","valueUri":"http://terminology.hl7.org/CodeSystem/data-absent-reason|5.0.0-ballot"}],"contains":[{"system":"http://loinc.org","version":"2.77","code":"LA29518-0","display":"he/him/his/his/himself"},{"system":"http://loinc.org","version":"2.77","code":"LA29519-8","display":"she/her/her/hers/herself"},{"system":"http://loinc.org","version":"2.77","code":"LA29520-6","display":"they/them/their/theirs/themselves"},{"system":"http://terminology.hl7.org/CodeSystem/data-absent-reason","version":"5.0.0-ballot","code":"asked-declined","display":"Asked But Declined"},{"system":"http://terminology.hl7.org/CodeSystem/data-absent-reason","version":"5.0.0-ballot","code":"asked-unknown","display":"Asked But Unknown"},{"system":"http://terminology.hl7.org/CodeSystem/data-absent-reason","version":"5.0.0-ballot","code":"not-asked","display":"Not Asked"},{"system":"http://terminology.hl7.org/CodeSystem/data-absent-reason","version":"5.0.0-ballot","code":"unknown","display":"Unknown"}]}}