{"resourceType":"ValueSet","id":"biological-sex-1","meta":{"profile":["http://hl7.org/fhir/StructureDefinition/shareablevalueset","https://healthterminologies.gov.au/fhir/StructureDefinition/composed-value-set-4"]},"text":{"status":"generated","div":"<div xmlns=\"http://www.w3.org/1999/xhtml\"><p class=\"res-header-id\"><b>Generated Narrative: ValueSet biological-sex-1</b></p><a name=\"biological-sex-1\"> </a><a name=\"hcbiological-sex-1\"> </a><a name=\"biological-sex-1-en-US\"> </a><p style=\"border: black 1px dotted; background-color: #EEEEEE; padding: 8px; margin-bottom: 8px\">Expansion based on SNOMED CT Australian edition 31-Aug 2023</p><p>This value set contains 4 concepts</p><table class=\"codes\"><tr><td style=\"white-space:nowrap\"><b>Code</b></td><td><b>System</b></td><td><b>Display</b></td></tr><tr><td style=\"white-space:nowrap\"><a name=\"biological-sex-1-http://snomed.info/sct-248152002\"> </a>\u00a0\u00a0<a href=\"http://snomed.info/id/248152002\">248152002</a></td><td>http://snomed.info/sct</td><td>Female</td></tr><tr><td style=\"white-space:nowrap\"><a name=\"biological-sex-1-http://snomed.info/sct-32570681000036106\"> </a>\u00a0\u00a0<a href=\"http://snomed.info/id/32570681000036106\">32570681000036106</a></td><td>http://snomed.info/sct</td><td>Indeterminate sex</td></tr><tr><td style=\"white-space:nowrap\"><a name=\"biological-sex-1-http://snomed.info/sct-32570691000036108\"> </a>\u00a0\u00a0<a href=\"http://snomed.info/id/32570691000036108\">32570691000036108</a></td><td>http://snomed.info/sct</td><td>Intersex</td></tr><tr><td style=\"white-space:nowrap\"><a name=\"biological-sex-1-http://snomed.info/sct-248153007\"> </a>\u00a0\u00a0<a href=\"http://snomed.info/id/248153007\">248153007</a></td><td>http://snomed.info/sct</td><td>Male</td></tr></table></div>"},"url":"https://healthterminologies.gov.au/fhir/ValueSet/biological-sex-1","identifier":[{"system":"urn:ietf:rfc:3986","value":"urn:oid:1.2.36.1.2001.1004.201.10198"}],"version":"1.0.0","name":"BiologicalSex","title":"Biological Sex","status":"active","experimental":false,"date":"2020-12-31","publisher":"Australian Digital Health Agency","contact":[{"telecom":[{"system":"email","value":"help@digitalhealth.gov.au"}]}],"description":"The Biological Sex value set includes values that represent the biological sex of an individual.","copyright":"Copyright © 2020 Australian Digital Health Agency - All rights reserved. Except for the material identified below, this content is licensed under a Creative Commons Attribution 4.0 International License. See https://creativecommons.org/licenses/by/4.0/. \n\nThis resource includes SNOMED Clinical Terms™ (SNOMED CT®) which is used by permission of the International Health Terminology Standards Development Organisation (IHTSDO). All rights reserved. SNOMED CT®, was originally created by The College of American Pathologists. “SNOMED” and “SNOMED CT” are registered trademarks of the IHTSDO. \n\nThe rights to use and implement or implementation of SNOMED CT content are limited to the extent it is necessary to allow for the end use of this material.  No further rights are granted in respect of the International Release and no further use of any SNOMED CT content by any other party is permitted. \n\nAll copies of this resource must include this copyright statement and all information contained in this statement.","compose":{"include":[{"system":"http://snomed.info/sct","filter":[{"property":"constraint","op":"=","value":"^ 32570631000036107|Sex reference set|"}]}]},"expansion":{"identifier":"urn:uuid:e9cff1c2-8743-48cb-9bde-8f4af914544b","timestamp":"2023-08-30T10:41:59+10:00","total":4,"parameter":[{"name":"version","valueUri":"http://snomed.info/sct|http://snomed.info/sct/32506021000036107/version/20230831"},{"name":"used-codesystem","valueUri":"http://snomed.info/sct|http://snomed.info/sct/32506021000036107/version/20230831"}],"contains":[{"system":"http://snomed.info/sct","code":"248152002","display":"Female"},{"system":"http://snomed.info/sct","code":"32570681000036106","display":"Indeterminate sex"},{"system":"http://snomed.info/sct","code":"32570691000036108","display":"Intersex"},{"system":"http://snomed.info/sct","code":"248153007","display":"Male"}]}}