{
  "resourceType" : "CapabilityStatement",
  "id" : "SFLauncherServerAboriginalTorresStraitIslanderHealthCheck",
  "text" : {
    "status" : "extensions",
    "div" : "<div xmlns=\"http://www.w3.org/1999/xhtml\"> <h2>Smart Forms Launcher Server for the Aboriginal and Torres Strait Islander Health Check Capability Statement</h2> <ul> <li>Kind of capability statement: Requirements</li><li>FHIR Version: 4.0.1</li><li>Supported Formats: <strong>SHALL</strong> support <code>json</code></li><li>Published by: AEHRC CSIRO</li></ul> <blockquote class=\"impl-note\"> <p><strong>Note to Implementers: FHIR Capabilities</strong></p><p>Any FHIR capability may be 'allowed' by the system unless explicitly marked as &quot;SHALL NOT&quot;. Some items might be marked as MAY in the Implementation Guide to highlight their potential relevance to the use case. </p></blockquote> <h3 id=\"shallIGs\">SHALL Support the Following Implementation Guides</h3> <ul> <li><a href=\"http://hl7.org/fhir/smart-app-launch/STU2.1/\">SMART App Launch</a> </li></ul> <h3 id=\"shouldIGs\">SHOULD Support the Following Implementation Guides</h3> <ul> <li><a href=\"http://hl7.org/fhir/uv/sdc/STU3/\">Structured Data Capture</a> </li></ul> <h3 id=\"shallCSs\">SHALL Implement the Following Capability Statements:</h3> <ul> <li><a href=\"http://hl7.org.au/fhir/core/0.3.0-ballot/CapabilityStatement-au-core-server.html\">AU Core Server</a> </li></ul> <h3 id=\"shouldCSs\">SHOULD Implement the Following Capability Statements:</h3> <ul> <li><a href=\"http://hl7.org/fhir/uv/sdc/STU3/CapabilityStatement-sdc-form-response-manager.html\">SDC Form Response Manager</a> </li><li><a href=\"http://hl7.org/fhir/uv/sdc/STU3/CapabilityStatement-sdc-form-archiver.html\">SDC Form Archiver</a> </li></ul> <h2 id=\"rest\">FHIR RESTful Capabilities</h2> <div class=\"panel panel-default\"> <div class=\"panel-heading\"> <h3 id=\"mode1\" class=\"panel-title\">Mode: <code>server</code></h3> </div><div class=\"panel-body\"> <div> <p>A Smart Forms Launcher Server <strong>SHALL</strong>:</p><ol> <li>Support the <a href=\"http://hl7.org.au/fhir/core/0.3.0-ballot/StructureDefinition-au-core-patient.html\">AU Core Patient resource profile</a>.</li><li>Support the <a href=\"http://hl7.org.au/fhir/core/0.3.0-ballot/StructureDefinition-au-core-practitioner.html\">AU Core Practitioner resource profile</a>.</li><li>Support the <a href=\"http://hl7.org.au/fhir/core/0.3.0-ballot/StructureDefinition-au-core-encounter.html\">AU Core Encounter resource profile</a>.</li><li>Support the <a href=\"http://hl7.org.au/fhir/core/0.3.0-ballot/StructureDefinition-au-core-condition.html\">AU Core Condition resource profile</a>.</li><li>Support the <a href=\"http://hl7.org.au/fhir/core/0.3.0-ballot/profiles-and-extensions.html#observation\">AU Core Observation resource profiles</a>.</li><li>Support the <a href=\"http://hl7.org/fhir/uv/sdc/STU3/StructureDefinition-sdc-questionnaireresponse.html\">SDC Questionnaire Response</a>.</li><li>Implement the RESTful behavior according to the FHIR specification.</li><li>Support JSON source formats for all interactions.</li></ol> </div><div class=\"lead\"><em>Security</em></div><blockquote> <div> <p>A Smart Forms Launcher Server <strong>SHALL</strong>:</p><ol> <li>Support CORS headers</li><li>Support SMART on FHIR security services</li></ol> <p>See the <a href=\"http://hl7.org/fhir/uv/sdc/STU3/security.html\">Structured Data Capture Security Details</a> section for general considerations and recommendations.</p></div></blockquote> </div></div><h3 id=\"resourcesCap1\">Capabilities by Resource/Profile</h3> <h4 id=\"resourcesSummary1\">Summary</h4> <p>The summary table lists the resources that are part of this configuration, and for each resource it lists:</p><ul> <li>The relevant profiles (if any)</li><li>The interactions supported by each resource (<b><span class=\"bg-info\">R</span></b>ead, <b><span class=\"bg-info\">S</span></b>earch, <b><span class=\"bg-info\">U</span></b>pdate, and <b><span class=\"bg-info\">C</span></b>reate, are always shown, while <b><span class=\"bg-info\">VR</span></b>ead, <b><span class=\"bg-info\">P</span></b>atch, <b><span class=\"bg-info\">D</span></b>elete, <b><span class=\"bg-info\">H</span></b>istory on <b><span class=\"bg-info\">I</span></b>nstance, or <b><span class=\"bg-info\">H</span></b>istory on <b><span class=\"bg-info\">T</span></b>ype are only present if at least one of the resources has support for them.</li><li><span>The required, recommended, and some optional search parameters (if any). </span></li><li>The linked resources enabled for <code>_include</code></li><li>The other resources enabled for <code>_revinclude</code></li><li>The operations on the resource (if any)</li></ul> <div class=\"table-responsive\"> <table class=\"table table-condensed table-hover\"> <thead> <tr> <th><b>Resource Type</b></th> <th><b>Profile</b></th> <th class=\"text-center\"><b title=\"GET a resource (read interaction)\">R</b></th> <th class=\"text-center\"><b title=\"GET all set of resources of the type (search interaction)\">S</b></th> <th class=\"text-center\"><b title=\"PUT a new resource version (update interaction)\">U</b></th> <th class=\"text-center\"><b title=\"POST a new resource (create interaction)\">C</b></th> <th><b title=\"Required and recommended search parameters\">Searches</b></th> <th><code><b>_include</b></code></th> <th><code><b>_revinclude</b></code></th> <th><b>Operations</b></th> </tr></thead> <tbody> <tr> <td><a href=\"#Patient1\">Patient</a></td><td><a href=\"http://hl7.org.au/fhir/core/0.3.0-ballot/StructureDefinition-au-core-patient.html\">http://hl7.org.au/fhir/core/StructureDefinition/au-core-patient</a> </td><td>y</td><td class=\"text-center\"/><td class=\"text-center\"/><td class=\"text-center\"/><td/><td/><td/><td/></tr><tr> <td><a href=\"#Practitioner1\">Practitioner</a></td><td><a href=\"http://hl7.org.au/fhir/core/0.3.0-ballot/StructureDefinition-au-core-practitioner.html\">http://hl7.org.au/fhir/core/StructureDefinition/au-core-practitioner</a> </td><td>y</td><td class=\"text-center\"/><td class=\"text-center\"/><td class=\"text-center\"/><td/><td/><td/><td/></tr><tr> <td><a href=\"#Encounter1\">Encounter</a></td><td><a href=\"http://hl7.org.au/fhir/core/0.3.0-ballot/StructureDefinition-au-core-encounter.html\">http://hl7.org.au/fhir/core/StructureDefinition/au-core-encounter</a> </td><td>y</td><td class=\"text-center\"/><td class=\"text-center\"/><td class=\"text-center\"/><td/><td/><td/><td/></tr><tr> <td><a href=\"#Condition1\">Condition</a></td><td><a href=\"http://hl7.org.au/fhir/core/0.3.0-ballot/StructureDefinition-au-core-condition.html\">http://hl7.org.au/fhir/core/StructureDefinition/au-core-condition</a> </td><td/><td class=\"text-center\">y</td><td class=\"text-center\"/><td class=\"text-center\"/><td>patient, clinical-status, patient+clinical-status</td><td/><td/><td/></tr><tr> <td><a href=\"#Observation1\">Observation</a></td><td><em>Supported profiles:</em> <ul> <li><a href=\"http://hl7.org.au/fhir/core/0.3.0-ballot/StructureDefinition-au-core-smokingstatus.html\">http://hl7.org.au/fhir/core/StructureDefinition/au-core-smokingstatus</a> </li><li><a href=\"http://hl7.org.au/fhir/core/0.3.0-ballot/StructureDefinition-au-core-bodyheight.html\">http://hl7.org.au/fhir/core/StructureDefinition/au-core-bodyheight</a> </li><li><a href=\"http://hl7.org.au/fhir/core/0.3.0-ballot/StructureDefinition-au-core-bodyweight.html\">http://hl7.org.au/fhir/core/StructureDefinition/au-core-bodyweight</a> </li><li><a href=\"http://hl7.org.au/fhir/core/0.2.2-preview/StructureDefinition-au-core-headcircum.html\">http://hl7.org.au/fhir/core/StructureDefinition/au-core-headcircum|0.2.2-preview</a> </li><li><a href=\"http://hl7.org.au/fhir/core/0.3.0-ballot/StructureDefinition-au-core-waistcircum.html\">http://hl7.org.au/fhir/core/StructureDefinition/au-core-waistcircum</a> </li><li><a href=\"http://hl7.org.au/fhir/core/0.3.0-ballot/StructureDefinition-au-core-bloodpressure.html\">http://hl7.org.au/fhir/core/StructureDefinition/au-core-bloodpressure</a> </li><li><a href=\"http://hl7.org.au/fhir/core/0.3.0-ballot/StructureDefinition-au-core-heartrate.html\">http://hl7.org.au/fhir/core/StructureDefinition/au-core-heartrate</a> </li><li><a href=\"http://hl7.org.au/fhir/core/0.2.2-preview/StructureDefinition-au-core-lipid-result.html\">http://hl7.org.au/fhir/core/StructureDefinition/au-core-lipid-result|0.2.2-preview</a> </li></ul> </td><td/><td class=\"text-center\">y</td><td class=\"text-center\"/><td class=\"text-center\"/><td>code, patient, _count, _sort, code+patient+_count+_sort</td><td/><td/><td/></tr><tr> <td><a href=\"#QuestionnaireResponse1\">QuestionnaireResponse</a></td><td><a href=\"http://hl7.org/fhir/uv/sdc/STU3/StructureDefinition-sdc-questionnaireresponse.html\">http://hl7.org/fhir/uv/sdc/StructureDefinition/sdc-questionnaireresponse</a> </td><td>y</td><td class=\"text-center\">y</td><td class=\"text-center\">y</td><td class=\"text-center\">y</td><td>patient, questionnaire, status, _count, _sort, patient+_count+_sort, patient+questionnaire+_count+_sort, patient+status+_count+_sort</td><td/><td/><td/></tr></tbody> </table> </div><hr/> <div class=\"panel panel-default\"> <div class=\"panel-heading\"> <h4 id=\"Patient1\" class=\"panel-title\"><span style=\"float: right;\">Resource Conformance: SHALL</span>Patient</h4> </div><div class=\"panel-body\"> <div class=\"container\"> <div class=\"row\"> <div class=\"col-lg-6\"><span class=\"lead\">Base System Profile</span><br/><a href=\"http://hl7.org.au/fhir/core/0.3.0-ballot/StructureDefinition-au-core-patient.html\">http://hl7.org.au/fhir/core/StructureDefinition/au-core-patient</a> </div><div class=\"col-lg-3\"><span class=\"lead\">Profile Conformance</span><br/><b>SHALL</b></div></div><div class=\"row\"> <div class=\"col-lg-6\"><span class=\"lead\">Interaction summary</span><br/> <ul> <li><strong>SHALL</strong> support <code>read</code>.</li></ul> </div></div><div class=\"row\"> <div class=\"col-12\"><span class=\"lead\">Documentation</span> <blockquote> <div> <p>The server <strong>SHALL</strong> support the Patient resource, AU Core profile and the conformance expectations for the Patient resource.</p></div></blockquote> </div></div></div></div></div><div class=\"panel panel-default\"> <div class=\"panel-heading\"> <h4 id=\"Practitioner1\" class=\"panel-title\"><span style=\"float: right;\">Resource Conformance: SHALL</span>Practitioner</h4> </div><div class=\"panel-body\"> <div class=\"container\"> <div class=\"row\"> <div class=\"col-lg-6\"><span class=\"lead\">Base System Profile</span><br/><a href=\"http://hl7.org.au/fhir/core/0.3.0-ballot/StructureDefinition-au-core-practitioner.html\">http://hl7.org.au/fhir/core/StructureDefinition/au-core-practitioner</a> </div><div class=\"col-lg-3\"><span class=\"lead\">Profile Conformance</span><br/><b>SHALL</b></div></div><div class=\"row\"> <div class=\"col-lg-6\"><span class=\"lead\">Interaction summary</span><br/> <ul> <li><strong>SHALL</strong> support <code>read</code>.</li></ul> </div></div><div class=\"row\"> <div class=\"col-12\"><span class=\"lead\">Documentation</span> <blockquote> <div> <p>The server <strong>SHALL</strong> support the Practitioner resource, AU Core profile and the conformance expectations for the Practitioner resource.</p></div></blockquote> </div></div></div></div></div><div class=\"panel panel-default\"> <div class=\"panel-heading\"> <h4 id=\"Encounter1\" class=\"panel-title\"><span style=\"float: right;\">Resource Conformance: SHALL</span>Encounter</h4> </div><div class=\"panel-body\"> <div class=\"container\"> <div class=\"row\"> <div class=\"col-lg-6\"><span class=\"lead\">Base System Profile</span><br/><a href=\"http://hl7.org.au/fhir/core/0.3.0-ballot/StructureDefinition-au-core-encounter.html\">http://hl7.org.au/fhir/core/StructureDefinition/au-core-encounter</a> </div><div class=\"col-lg-3\"><span class=\"lead\">Profile Conformance</span><br/><b>SHALL</b></div></div><div class=\"row\"> <div class=\"col-lg-6\"><span class=\"lead\">Interaction summary</span><br/> <ul> <li><strong>SHALL</strong> support <code>read</code>.</li></ul> </div></div><div class=\"row\"> <div class=\"col-12\"><span class=\"lead\">Documentation</span> <blockquote> <div> <p>The server <strong>SHALL</strong> support the Encounter resource, AU Core profile and the conformance expectations for the Encounter resource.</p></div></blockquote> </div></div></div></div></div><div class=\"panel panel-default\"> <div class=\"panel-heading\"> <h4 id=\"Condition1\" class=\"panel-title\"><span style=\"float: right;\">Resource Conformance: SHALL</span>Condition</h4> </div><div class=\"panel-body\"> <div class=\"container\"> <div class=\"row\"> <div class=\"col-lg-6\"><span class=\"lead\">Base System Profile</span><br/><a href=\"http://hl7.org.au/fhir/core/0.3.0-ballot/StructureDefinition-au-core-condition.html\">http://hl7.org.au/fhir/core/StructureDefinition/au-core-condition</a> </div><div class=\"col-lg-3\"><span class=\"lead\">Profile Conformance</span><br/><b>SHALL</b></div></div><div class=\"row\"> <div class=\"col-lg-6\"><span class=\"lead\">Interaction summary</span><br/> <ul> <li><strong>SHALL</strong> support <code>search-type</code>.</li></ul> </div></div><div class=\"row\"> <div class=\"col-12\"><span class=\"lead\">Documentation</span> <blockquote> <div> <p>The server <strong>SHALL</strong> support the Condition resource, the AU Core profile and the conformance expectations for the Condition resource.</p></div></blockquote> </div></div><div class=\"row\"> <div class=\"col-lg-7\"><span class=\"lead\">Search Parameters</span> <table class=\"table table-condensed table-hover\"> <thead> <tr> <th>Conformance</th> <th>Parameter</th> <th>Type</th> <th>Documentation</th> </tr></thead> <tbody> <tr> <td><b>SHALL</b></td><td><a href=\"http://hl7.org/fhir/R4/condition.html#search\">patient</a></td><td><code>reference</code></td><td> <div> <p>The client <strong>SHALL</strong> provide at least a id value and <strong>MAY</strong> provide both the Type and id values. The server <strong>SHALL</strong> support both. </p></div></td></tr><tr> <td><b>SHALL</b></td><td><a href=\"http://hl7.org/fhir/R4/condition.html#search\">clinical-status</a></td><td><code>token</code></td><td> <div> <p>The client <strong>SHALL</strong> provide at least a code value and <strong>MAY</strong> provide both the code and system values. The server <strong>SHALL</strong> support both.</p></div></td></tr></tbody> </table> </div><div class=\"col-lg-5\"><span class=\"lead\">Combined Search Parameters</span> <table class=\"table table-condensed table-hover\"> <thead> <tr> <th>Conformance</th> <th>Parameters</th> <th>Types</th> </tr></thead> <tbody> <tr> <td><b>SHALL</b></td><td><a href=\"http://hl7.org/fhir/R4/condition.html#search\">patient</a>+ <a href=\"http://hl7.org/fhir/R4/condition.html#search\">clinical-status</a> </td><td><code>reference</code>+<code>token</code></td></tr></tbody> </table> </div></div></div></div></div><div class=\"panel panel-default\"> <div class=\"panel-heading\"> <h4 id=\"Observation1\" class=\"panel-title\"><span style=\"float: right;\">Resource Conformance: SHALL</span>Observation</h4> </div><div class=\"panel-body\"> <div class=\"container\"> <div class=\"row\"> <div class=\"col-6\"><span class=\"lead\">Supported Profiles</span> <ul> <li><a href=\"http://hl7.org.au/fhir/core/0.3.0-ballot/StructureDefinition-au-core-smokingstatus.html\">http://hl7.org.au/fhir/core/StructureDefinition/au-core-smokingstatus</a> </li><li><a href=\"http://hl7.org.au/fhir/core/0.3.0-ballot/StructureDefinition-au-core-bodyheight.html\">http://hl7.org.au/fhir/core/StructureDefinition/au-core-bodyheight</a> </li><li><a href=\"http://hl7.org.au/fhir/core/0.3.0-ballot/StructureDefinition-au-core-bodyweight.html\">http://hl7.org.au/fhir/core/StructureDefinition/au-core-bodyweight</a> </li><li><a href=\"http://hl7.org.au/fhir/core/0.2.2-preview/StructureDefinition-au-core-headcircum.html\">http://hl7.org.au/fhir/core/StructureDefinition/au-core-headcircum|0.2.2-preview</a> </li><li><a href=\"http://hl7.org.au/fhir/core/0.3.0-ballot/StructureDefinition-au-core-waistcircum.html\">http://hl7.org.au/fhir/core/StructureDefinition/au-core-waistcircum</a> </li><li><a href=\"http://hl7.org.au/fhir/core/0.3.0-ballot/StructureDefinition-au-core-bloodpressure.html\">http://hl7.org.au/fhir/core/StructureDefinition/au-core-bloodpressure</a> </li><li><a href=\"http://hl7.org.au/fhir/core/0.3.0-ballot/StructureDefinition-au-core-heartrate.html\">http://hl7.org.au/fhir/core/StructureDefinition/au-core-heartrate</a> </li><li><a href=\"http://hl7.org.au/fhir/core/0.2.2-preview/StructureDefinition-au-core-lipid-result.html\">http://hl7.org.au/fhir/core/StructureDefinition/au-core-lipid-result|0.2.2-preview</a> </li></ul> </div><div class=\"col-lg-6\"><span class=\"lead\">Supported Profiles Conformance</span><br/><b>SHALL</b></div></div><div class=\"row\"> <div class=\"col-lg-6\"><span class=\"lead\">Interaction summary</span><br/> <ul> <li><strong>SHALL</strong> support <code>search-type</code>.</li></ul> </div></div><div class=\"row\"> <div class=\"col-12\"><span class=\"lead\">Documentation</span> <blockquote> <div> <p>The server <strong>SHALL</strong> support the Observation resource, the AU Core profiles listed and the conformance expectations for the Observation resource.</p></div></blockquote> </div></div><div class=\"row\"> <div class=\"col-lg-7\"><span class=\"lead\">Search Parameters</span> <table class=\"table table-condensed table-hover\"> <thead> <tr> <th>Conformance</th> <th>Parameter</th> <th>Type</th> <th>Documentation</th> </tr></thead> <tbody> <tr> <td><b>SHALL</b></td><td><a href=\"http://hl7.org/fhir/R4/observation.html#search\">patient</a></td><td><code>reference</code></td><td> <div> <p>The client <strong>SHALL</strong> provide at least an id value and <strong>MAY</strong> provide both the Type and id values. The server <strong>SHALL</strong> support both. </p></div></td></tr><tr> <td><b>SHALL</b></td><td><a href=\"http://hl7.org/fhir/R4/observation.html#search\">code</a></td><td><code>token</code></td><td> <div> <p>The client <strong>SHALL</strong> provide at least a code value and <strong>MAY</strong> provide both the code and system values. The server <strong>SHALL</strong> support both.</p></div></td></tr><tr> <td><b>SHALL</b></td><td><a href=\"http://hl7.org/fhir/R4/search.html#count\">_count</a></td><td><code>number</code></td><td> <div> <p>The client and server <strong>SHALL</strong> support search result limiting.</p></div></td></tr><tr> <td><b>SHALL</b></td><td><a href=\"http://hl7.org/fhir/R4/search.html#_sort\">_sort</a></td><td><code>string</code></td><td> <div> <p>The client server <strong>SHALL</strong> support search result sorting by date and <strong>MAY</strong> support other values.</p></div></td></tr></tbody> </table> </div><div class=\"col-lg-5\"><span class=\"lead\">Combined Search Parameters</span> <table class=\"table table-condensed table-hover\"> <thead> <tr> <th>Conformance</th> <th>Parameters</th> <th>Types</th> </tr></thead> <tbody> <tr> <td><b>SHALL</b></td><td><a href=\"http://hl7.org/fhir/R4/observation.html#search\">patient</a>+ <a href=\"http://hl7.org/fhir/R4/observation.html#search\">code</a>+ <a href=\"http://hl7.org/fhir/R4/search.html#count\">_count</a>+ <a href=\"http://hl7.org/fhir/R4/search.html#_sort\">_sort</a> </td><td><code>reference</code>+<code>token</code>+<code>number</code>+<code>string</code></td></tr></tbody> </table> </div></div></div></div></div><div class=\"panel panel-default\"> <div class=\"panel-heading\"> <h4 id=\"QuestionnaireResponse1\" class=\"panel-title\"><span style=\"float: right;\">Resource Conformance: SHALL</span>QuestionnaireResponse</h4> </div><div class=\"panel-body\"> <div class=\"container\"> <div class=\"row\"> <div class=\"col-lg-6\"><span class=\"lead\">Base System Profile</span><br/><a href=\"http://hl7.org/fhir/uv/sdc/STU3/StructureDefinition-sdc-questionnaireresponse.html\">http://hl7.org/fhir/uv/sdc/StructureDefinition/sdc-questionnaireresponse</a> </div><div class=\"col-lg-3\"><span class=\"lead\">Profile Conformance</span><br/><b>SHALL</b></div></div><div class=\"row\"> <div class=\"col-lg-6\"><span class=\"lead\">Interaction summary</span><br/> <ul> <li><strong>SHALL</strong> support <code>read</code>, <code>search-type</code>, <code>update</code>, <code>create</code>.</li></ul> </div></div><div class=\"row\"> <div class=\"col-12\"><span class=\"lead\">Versioning</span> <blockquote> <div> <p><em>VersionId tracked fully</em></p><p>The server <strong>SHALL</strong> correctly track and populate the versionId meta-property on resources and support using e-tags and If-Match header for version integrity in the API.</p></div></blockquote> </div></div><div class=\"row\"> <div class=\"col-12\"><span class=\"lead\">Documentation</span> <blockquote> <div> <p>The server <strong>SHALL</strong> support the QuestionnaireResponse resource, Structured Data Capture profile and the conformance expectations for the QuestionnaireResponse resource.</p></div></blockquote> </div></div><div class=\"row\"> <div class=\"col-lg-7\"><span class=\"lead\">Search Parameters</span> <table class=\"table table-condensed table-hover\"> <thead> <tr> <th>Conformance</th> <th>Parameter</th> <th>Type</th> <th>Documentation</th> </tr></thead> <tbody> <tr> <td><b>SHALL</b></td><td><a href=\"http://hl7.org/fhir/R4/questionnaireresponse.html#search\">patient</a> </td><td><code>reference</code></td><td> <div> <p>The client <strong>SHALL</strong> provide at least a id value and <strong>MAY</strong> provide both the Type and id values. The server <strong>SHALL</strong> support both. </p></div></td></tr><tr> <td><b>SHALL</b></td><td><a href=\"http://hl7.org/fhir/R4/questionnaireresponse.html#search\">questionnaire</a> </td><td><code>reference</code></td><td> <div> <p>The client <strong>SHALL</strong> provide at least a id value and <strong>MAY</strong> provide both the Type and id values. The server <strong>SHALL</strong> support both.</p></div></td></tr><tr> <td><b>SHALL</b></td><td><a href=\"http://hl7.org/fhir/R4/questionnaireresponse.html#search\">status</a></td><td><code>token</code></td><td> <div> <p>The client <strong>SHALL</strong> provide at least a code value and <strong>MAY</strong> provide both the code and system values. The server <strong>SHALL</strong> support both.</p></div></td></tr><tr> <td><b>SHALL</b></td><td><a href=\"http://hl7.org/fhir/R4/search.html#count\">_count</a></td><td><code>number</code></td><td> <div> <p>The client and server <strong>SHALL</strong> support search result limiting.</p></div></td></tr><tr> <td><b>SHALL</b></td><td><a href=\"http://hl7.org/fhir/R4/search.html#_sort\">_sort</a></td><td><code>string</code></td><td> <div> <p>The client and server <strong>SHALL</strong> support search result sorting by authored and <strong>MAY</strong> support other values.</p></div></td></tr></tbody> </table> </div><div class=\"col-lg-5\"><span class=\"lead\">Combined Search Parameters</span> <table class=\"table table-condensed table-hover\"> <thead> <tr> <th>Conformance</th> <th>Parameters</th> <th>Types</th> </tr></thead> <tbody> <tr> <td><b>SHALL</b></td><td><a href=\"https://hl7.org/fhir/R4/questionnaireresponse.html#search\">patient</a>+ <a href=\"http://hl7.org/fhir/R4/search.html#count\">_count</a>+ <a href=\"http://hl7.org/fhir/R4/search.html#sort\">_sort</a> </td><td><code>reference</code>+<code>number</code>+<code>string</code></td></tr><tr> <td><b>SHALL</b></td><td><a href=\"https://hl7.org/fhir/R4/questionnaireresponse.html#search\">patient</a>+ <a href=\"https://hl7.org/fhir/R4/questionnaireresponse.html#search\">questionnaire</a>+ <a href=\"http://hl7.org/fhir/R4/search.html#count\">_count</a>+ <a href=\"http://hl7.org/fhir/R4/search.html#sort\">_sort</a> </td><td><code>reference</code>+<code>reference</code>+<code>number</code>+<code>string</code></td></tr><tr> <td><b>SHALL</b></td><td><a href=\"https://hl7.org/fhir/R4/questionnaireresponse.html#search\">patient</a>+ <a href=\"https://hl7.org/fhir/R4/questionnaireresponse.html#search\">status</a>+ <a href=\"http://hl7.org/fhir/R4/search.html#count\">_count</a>+ <a href=\"http://hl7.org/fhir/R4/search.html#sort\">_sort</a> </td><td><code>reference</code>+<code>token</code>+<code>number</code>+<code>string</code></td></tr></tbody> </table> </div></div></div></div></div></div>"
  },
  "url" : "https://smartforms.csiro.au/ig/CapabilityStatement/SFLauncherServerAboriginalTorresStraitIslanderHealthCheck",
  "version" : "0.2.0",
  "name" : "SmartFormsLauncherServerAboriginalTorresStraitIslanderHealthCheck",
  "title" : "Smart Forms Launcher Server for the Aboriginal and Torres Strait Islander Health Check",
  "status" : "draft",
  "experimental" : false,
  "date" : "2023-06-16",
  "publisher" : "AEHRC CSIRO",
  "contact" : [{
    "name" : "AEHRC CSIRO",
    "telecom" : [{
      "system" : "url",
      "value" : "https://confluence.csiro.au/display/PCDQFPhase2/Primary+Care+Data+Quality+Foundations+-+Phase+2"
    }]
  }],
  "description" : "This CapabilityStatement describes the expected capabilities for systems to launch and exchange data with the [Smart Forms client application](CapabilityStatement-SmartFormsApplication.html) to support the [Aboriginal and Torres Strait Islander Health Check](Questionnaire-AboriginalTorresStraitIslanderHealthCheck.html). It lists the server's conformance expectations for the resource types required as a launch context, resource types required to support prepopulation of the form, and QuestionnaireResponse requirements for managing form responses. These expectations include supported FHIR profiles, RESTful operations, and search parameters.",
  "copyright" : "Copyright © 2022+ Australian Government Department of Health and Aged Care - All rights reserved. This content is licensed under a Creative Commons Attribution-ShareAlike 4.0 International License. See https://creativecommons.org/licenses/by-sa/4.0/.",
  "kind" : "requirements",
  "instantiates" : ["http://hl7.org.au/fhir/core/CapabilityStatement/au-core-server",
  "http://hl7.org/fhir/uv/sdc/CapabilityStatement/sdc-form-response-manager",
  "http://hl7.org/fhir/uv/sdc/CapabilityStatement/sdc-form-archiver"],
  "_instantiates" : [{
    "extension" : [{
      "url" : "http://hl7.org/fhir/StructureDefinition/capabilitystatement-expectation",
      "valueCode" : "SHALL"
    }]
  },
  {
    "extension" : [{
      "url" : "http://hl7.org/fhir/StructureDefinition/capabilitystatement-expectation",
      "valueCode" : "SHOULD"
    }]
  },
  {
    "extension" : [{
      "url" : "http://hl7.org/fhir/StructureDefinition/capabilitystatement-expectation",
      "valueCode" : "SHOULD"
    }]
  }],
  "fhirVersion" : "4.0.1",
  "format" : ["json"],
  "_format" : [{
    "extension" : [{
      "url" : "http://hl7.org/fhir/StructureDefinition/capabilitystatement-expectation",
      "valueCode" : "SHALL"
    }]
  }],
  "implementationGuide" : ["http://hl7.org/fhir/smart-app-launch/ImplementationGuide/hl7.fhir.uv.smart-app-launch",
  "http://hl7.org/fhir/uv/sdc/ImplementationGuide/hl7.fhir.uv.sdc"],
  "_implementationGuide" : [{
    "extension" : [{
      "url" : "http://hl7.org/fhir/StructureDefinition/capabilitystatement-expectation",
      "valueCode" : "SHALL"
    }]
  },
  {
    "extension" : [{
      "url" : "http://hl7.org/fhir/StructureDefinition/capabilitystatement-expectation",
      "valueCode" : "SHOULD"
    }]
  }],
  "rest" : [{
    "mode" : "server",
    "documentation" : "<div><p>A Smart Forms Launcher Server <strong>SHALL</strong>:</p><ol><li>Support the <a href=\"http://hl7.org.au/fhir/core/0.3.0-ballot/StructureDefinition-au-core-patient.html\">AU Core Patient resource profile</a>.</li> <li>Support the <a href=\"http://hl7.org.au/fhir/core/0.3.0-ballot/StructureDefinition-au-core-practitioner.html\">AU Core Practitioner resource profile</a>.</li> <li>Support the <a href=\"http://hl7.org.au/fhir/core/0.3.0-ballot/StructureDefinition-au-core-encounter.html\">AU Core Encounter resource profile</a>.</li><li>Support the <a href=\"http://hl7.org.au/fhir/core/0.3.0-ballot/StructureDefinition-au-core-condition.html\">AU Core Condition resource profile</a>.</li> <li>Support the <a href=\"http://hl7.org.au/fhir/core/0.3.0-ballot/profiles-and-extensions.html#observation\">AU Core Observation resource profiles</a>.</li><li>Implement the RESTful behavior according to the FHIR specification.</li><li>Support JSON source formats for all interactions.</li></ol></div>",
    "security" : {
      "cors" : true,
      "_cors" : {
        "extension" : [{
          "url" : "http://hl7.org/fhir/StructureDefinition/capabilitystatement-expectation",
          "valueCode" : "SHALL"
        }]
      },
      "service" : [{
        "extension" : [{
          "url" : "http://hl7.org/fhir/StructureDefinition/capabilitystatement-expectation",
          "valueCode" : "SHALL"
        }],
        "coding" : [{
          "system" : "http://terminology.hl7.org/CodeSystem/restful-security-service",
          "code" : "SMART-on-FHIR"
        }]
      }],
      "description" : "<div> <p>A Smart Forms Launcher Server <strong>SHALL</strong>:</p><ol> <li>Support CORS headers</li><li>Support SMART on FHIR security services</li></ol> <p>See the <a href=\"http://hl7.org/fhir/uv/sdc/STU3/security.html\">Structured Data Capture Security Details</a> section for general considerations and recommendations.</p></div>"
    },
    "resource" : [{
      "extension" : [{
        "url" : "http://hl7.org/fhir/StructureDefinition/capabilitystatement-expectation",
        "valueCode" : "SHALL"
      }],
      "type" : "Patient",
      "profile" : "http://hl7.org.au/fhir/core/StructureDefinition/au-core-patient",
      "_profile" : {
        "extension" : [{
          "url" : "http://hl7.org/fhir/StructureDefinition/capabilitystatement-expectation",
          "valueCode" : "SHALL"
        }]
      },
      "documentation" : "<div> <p>The server <strong>SHALL</strong> support the Patient resource, AU Core profile and the conformance expectations for the Patient resource.</p></div>",
      "interaction" : [{
        "extension" : [{
          "url" : "http://hl7.org/fhir/StructureDefinition/capabilitystatement-expectation",
          "valueCode" : "SHALL"
        }],
        "code" : "read"
      }]
    },
    {
      "extension" : [{
        "url" : "http://hl7.org/fhir/StructureDefinition/capabilitystatement-expectation",
        "valueCode" : "SHALL"
      }],
      "type" : "Practitioner",
      "profile" : "http://hl7.org.au/fhir/core/StructureDefinition/au-core-practitioner",
      "_profile" : {
        "extension" : [{
          "url" : "http://hl7.org/fhir/StructureDefinition/capabilitystatement-expectation",
          "valueCode" : "SHALL"
        }]
      },
      "documentation" : "<div> <p>The server <strong>SHALL</strong> support the Practitioner resource, AU Core profile and the conformance expectations for the Practitioner resource.</p></div>",
      "interaction" : [{
        "extension" : [{
          "url" : "http://hl7.org/fhir/StructureDefinition/capabilitystatement-expectation",
          "valueCode" : "SHALL"
        }],
        "code" : "read"
      }]
    },
    {
      "extension" : [{
        "url" : "http://hl7.org/fhir/StructureDefinition/capabilitystatement-expectation",
        "valueCode" : "SHALL"
      }],
      "type" : "Encounter",
      "profile" : "http://hl7.org.au/fhir/core/StructureDefinition/au-core-encounter",
      "_profile" : {
        "extension" : [{
          "url" : "http://hl7.org/fhir/StructureDefinition/capabilitystatement-expectation",
          "valueCode" : "SHALL"
        }]
      },
      "documentation" : "<div> <p>The server <strong>SHALL</strong> support the Encounter resource, AU Core profile and the conformance expectations for the Encounter resource.</p></div>",
      "interaction" : [{
        "extension" : [{
          "url" : "http://hl7.org/fhir/StructureDefinition/capabilitystatement-expectation",
          "valueCode" : "SHALL"
        }],
        "code" : "read"
      }]
    },
    {
      "extension" : [{
        "url" : "http://hl7.org/fhir/StructureDefinition/capabilitystatement-expectation",
        "valueCode" : "SHALL"
      },
      {
        "extension" : [{
          "url" : "http://hl7.org/fhir/StructureDefinition/capabilitystatement-expectation",
          "valueCode" : "SHALL"
        },
        {
          "url" : "required",
          "valueString" : "patient"
        },
        {
          "url" : "required",
          "valueString" : "clinical-status"
        }],
        "url" : "http://hl7.org/fhir/StructureDefinition/capabilitystatement-search-parameter-combination"
      }],
      "type" : "Condition",
      "profile" : "http://hl7.org.au/fhir/core/StructureDefinition/au-core-condition",
      "_profile" : {
        "extension" : [{
          "url" : "http://hl7.org/fhir/StructureDefinition/capabilitystatement-expectation",
          "valueCode" : "SHALL"
        }]
      },
      "documentation" : "<div> <p>The server <strong>SHALL</strong> support the Condition resource, the AU Core profile and the conformance expectations for the Condition resource.</p></div>",
      "interaction" : [{
        "extension" : [{
          "url" : "http://hl7.org/fhir/StructureDefinition/capabilitystatement-expectation",
          "valueCode" : "SHALL"
        }],
        "code" : "search-type"
      }],
      "searchParam" : [{
        "extension" : [{
          "url" : "http://hl7.org/fhir/StructureDefinition/capabilitystatement-expectation",
          "valueCode" : "SHALL"
        }],
        "name" : "patient",
        "definition" : "http://hl7.org/fhir/SearchParameter/clinical-patient",
        "type" : "reference",
        "documentation" : "<div><p>The client <strong>SHALL</strong> provide at least a id value and <strong>MAY</strong> provide both the Type and id values. The server <strong>SHALL</strong> support both.</p></div>"
      },
      {
        "extension" : [{
          "url" : "http://hl7.org/fhir/StructureDefinition/capabilitystatement-expectation",
          "valueCode" : "SHALL"
        }],
        "name" : "clinical-status",
        "definition" : "http://hl7.org/fhir/SearchParameter/Condition-clinical-status",
        "type" : "token",
        "documentation" : "<div> <p>The client <strong>SHALL</strong> provide at least a code value and <strong>MAY</strong> provide both the code and system values. The server <strong>SHALL</strong> support both.</p></div>"
      }]
    },
    {
      "extension" : [{
        "url" : "http://hl7.org/fhir/StructureDefinition/capabilitystatement-expectation",
        "valueCode" : "SHALL"
      },
      {
        "extension" : [{
          "url" : "http://hl7.org/fhir/StructureDefinition/capabilitystatement-expectation",
          "valueCode" : "SHALL"
        },
        {
          "url" : "required",
          "valueString" : "patient"
        },
        {
          "url" : "required",
          "valueString" : "code"
        },
        {
          "url" : "required",
          "valueString" : "_count"
        },
        {
          "url" : "required",
          "valueString" : "_sort"
        }],
        "url" : "http://hl7.org/fhir/StructureDefinition/capabilitystatement-search-parameter-combination"
      }],
      "type" : "Observation",
      "supportedProfile" : ["http://hl7.org.au/fhir/core/StructureDefinition/au-core-smokingstatus",
      "http://hl7.org.au/fhir/core/StructureDefinition/au-core-bodyheight",
      "http://hl7.org.au/fhir/core/StructureDefinition/au-core-bodyweight",
      "http://hl7.org.au/fhir/core/StructureDefinition/au-core-headcircum|0.2.2-preview",
      "http://hl7.org.au/fhir/core/StructureDefinition/au-core-waistcircum",
      "http://hl7.org.au/fhir/core/StructureDefinition/au-core-bloodpressure",
      "http://hl7.org.au/fhir/core/StructureDefinition/au-core-heartrate",
      "http://hl7.org.au/fhir/core/StructureDefinition/au-core-lipid-result|0.2.2-preview"],
      "_supportedProfile" : [{
        "extension" : [{
          "url" : "http://hl7.org/fhir/StructureDefinition/capabilitystatement-expectation",
          "valueCode" : "SHALL"
        }]
      },
      {
        "extension" : [{
          "url" : "http://hl7.org/fhir/StructureDefinition/capabilitystatement-expectation",
          "valueCode" : "SHALL"
        }]
      },
      {
        "extension" : [{
          "url" : "http://hl7.org/fhir/StructureDefinition/capabilitystatement-expectation",
          "valueCode" : "SHALL"
        }]
      },
      {
        "extension" : [{
          "url" : "http://hl7.org/fhir/StructureDefinition/capabilitystatement-expectation",
          "valueCode" : "SHALL"
        }]
      },
      {
        "extension" : [{
          "url" : "http://hl7.org/fhir/StructureDefinition/capabilitystatement-expectation",
          "valueCode" : "SHALL"
        }]
      },
      {
        "extension" : [{
          "url" : "http://hl7.org/fhir/StructureDefinition/capabilitystatement-expectation",
          "valueCode" : "SHALL"
        }]
      },
      {
        "extension" : [{
          "url" : "http://hl7.org/fhir/StructureDefinition/capabilitystatement-expectation",
          "valueCode" : "SHALL"
        }]
      },
      {
        "extension" : [{
          "url" : "http://hl7.org/fhir/StructureDefinition/capabilitystatement-expectation",
          "valueCode" : "SHALL"
        }]
      }],
      "documentation" : "<div> <p>The server <strong>SHALL</strong> support the Observation resource, the AU Core profiles listed and the conformance expectations for the Observation resource.</p></div>",
      "interaction" : [{
        "extension" : [{
          "url" : "http://hl7.org/fhir/StructureDefinition/capabilitystatement-expectation",
          "valueCode" : "SHALL"
        }],
        "code" : "search-type"
      }],
      "searchParam" : [{
        "extension" : [{
          "url" : "http://hl7.org/fhir/StructureDefinition/capabilitystatement-expectation",
          "valueCode" : "SHALL"
        }],
        "name" : "patient",
        "definition" : "http://hl7.org/fhir/SearchParameter/clinical-patient",
        "type" : "reference",
        "documentation" : "<div> <p>The client <strong>SHALL</strong> provide at least a id value and <strong>MAY</strong> provide both the Type and id values. The server <strong>SHALL</strong> support both. </p></div>"
      },
      {
        "extension" : [{
          "url" : "http://hl7.org/fhir/StructureDefinition/capabilitystatement-expectation",
          "valueCode" : "SHALL"
        }],
        "name" : "code",
        "definition" : "http://hl7.org/fhir/SearchParameter/clinical-code",
        "type" : "token",
        "documentation" : "<div> <p>The client <strong>SHALL</strong> provide at least a code value and <strong>MAY</strong> provide both the code and system values. The server <strong>SHALL</strong> support both.</p></div>"
      },
      {
        "extension" : [{
          "url" : "http://hl7.org/fhir/StructureDefinition/capabilitystatement-expectation",
          "valueCode" : "SHALL"
        }],
        "name" : "_count",
        "type" : "number",
        "documentation" : "<div> <p>The client and server <strong>SHALL</strong> support search result limiting.</p></div>"
      },
      {
        "extension" : [{
          "url" : "http://hl7.org/fhir/StructureDefinition/capabilitystatement-expectation",
          "valueCode" : "SHALL"
        }],
        "name" : "_sort",
        "type" : "string",
        "documentation" : "<div> <p>The client and server <strong>SHALL</strong> support search result sorting by date and <strong>MAY</strong> support other values.</p></div>"
      }]
    },
    {
      "extension" : [{
        "url" : "http://hl7.org/fhir/StructureDefinition/capabilitystatement-expectation",
        "valueCode" : "SHALL"
      },
      {
        "extension" : [{
          "url" : "http://hl7.org/fhir/StructureDefinition/capabilitystatement-expectation",
          "valueCode" : "SHALL"
        },
        {
          "url" : "required",
          "valueString" : "patient"
        },
        {
          "url" : "required",
          "valueString" : "_count"
        },
        {
          "url" : "required",
          "valueString" : "_sort"
        }],
        "url" : "http://hl7.org/fhir/StructureDefinition/capabilitystatement-search-parameter-combination"
      },
      {
        "extension" : [{
          "url" : "http://hl7.org/fhir/StructureDefinition/capabilitystatement-expectation",
          "valueCode" : "SHALL"
        },
        {
          "url" : "required",
          "valueString" : "patient"
        },
        {
          "url" : "required",
          "valueString" : "_count"
        },
        {
          "url" : "required",
          "valueString" : "_sort"
        },
        {
          "url" : "required",
          "valueString" : "questionnaire"
        }],
        "url" : "http://hl7.org/fhir/StructureDefinition/capabilitystatement-search-parameter-combination"
      },
      {
        "extension" : [{
          "url" : "http://hl7.org/fhir/StructureDefinition/capabilitystatement-expectation",
          "valueCode" : "SHALL"
        },
        {
          "url" : "required",
          "valueString" : "patient"
        },
        {
          "url" : "required",
          "valueString" : "_count"
        },
        {
          "url" : "required",
          "valueString" : "_sort"
        },
        {
          "url" : "required",
          "valueString" : "status"
        }],
        "url" : "http://hl7.org/fhir/StructureDefinition/capabilitystatement-search-parameter-combination"
      }],
      "type" : "QuestionnaireResponse",
      "profile" : "http://hl7.org/fhir/uv/sdc/StructureDefinition/sdc-questionnaireresponse",
      "_profile" : {
        "extension" : [{
          "url" : "http://hl7.org/fhir/StructureDefinition/capabilitystatement-expectation",
          "valueCode" : "SHALL"
        }]
      },
      "documentation" : "<div> <p>The server <strong>SHALL</strong> support the QuestionnaireResponse resource, Structured Data Capture profile and the conformance expectations for the QuestionnaireResponse resource.</p></div>",
      "interaction" : [{
        "extension" : [{
          "url" : "http://hl7.org/fhir/StructureDefinition/capabilitystatement-expectation",
          "valueCode" : "SHALL"
        }],
        "code" : "read"
      },
      {
        "extension" : [{
          "url" : "http://hl7.org/fhir/StructureDefinition/capabilitystatement-expectation",
          "valueCode" : "SHALL"
        }],
        "code" : "search-type"
      },
      {
        "extension" : [{
          "url" : "http://hl7.org/fhir/StructureDefinition/capabilitystatement-expectation",
          "valueCode" : "SHALL"
        }],
        "code" : "create"
      },
      {
        "extension" : [{
          "url" : "http://hl7.org/fhir/StructureDefinition/capabilitystatement-expectation",
          "valueCode" : "SHALL"
        }],
        "code" : "update"
      }],
      "versioning" : "versioned-update",
      "_versioning" : {
        "extension" : [{
          "url" : "http://hl7.org/fhir/StructureDefinition/capabilitystatement-expectation",
          "valueCode" : "SHALL"
        }]
      },
      "searchParam" : [{
        "extension" : [{
          "url" : "http://hl7.org/fhir/StructureDefinition/capabilitystatement-expectation",
          "valueCode" : "SHALL"
        }],
        "name" : "patient",
        "definition" : "http://hl7.org/fhir/SearchParameter/QuestionnaireResponse-patient",
        "type" : "reference",
        "documentation" : "<div> <p>The client <strong>SHALL</strong> provide at least a id value and <strong>MAY</strong> provide both the Type and id values. The server <strong>SHALL</strong> support both. </p></div>"
      },
      {
        "extension" : [{
          "url" : "http://hl7.org/fhir/StructureDefinition/capabilitystatement-expectation",
          "valueCode" : "SHALL"
        }],
        "name" : "questionnaire",
        "definition" : "http://hl7.org/fhir/SearchParameter/QuestionnaireResponse-questionnaire",
        "type" : "reference",
        "documentation" : "<div> <p>The client <strong>SHALL</strong> provide at least a id value and <strong>MAY</strong> provide both the Type and id values. The server <strong>SHALL</strong> support both.</p> <p>The client and server <strong>SHALL</strong> support chained search questionnaire.title using the :contains modifier.</p></div>"
      },
      {
        "extension" : [{
          "url" : "http://hl7.org/fhir/StructureDefinition/capabilitystatement-expectation",
          "valueCode" : "SHALL"
        }],
        "name" : "status",
        "definition" : "http://hl7.org/fhir/SearchParameter/QuestionnaireResponse-status",
        "type" : "token",
        "documentation" : "<div> <p>The client <strong>SHALL</strong> provide at least a code value and <strong>MAY</strong> provide both the code and system values. The server <strong>SHALL</strong> support both.</p></div>"
      },
      {
        "extension" : [{
          "url" : "http://hl7.org/fhir/StructureDefinition/capabilitystatement-expectation",
          "valueCode" : "SHALL"
        }],
        "name" : "_count",
        "type" : "number",
        "documentation" : "<div> <p>The client and server <strong>SHALL</strong> support search result limiting.</p></div>"
      },
      {
        "extension" : [{
          "url" : "http://hl7.org/fhir/StructureDefinition/capabilitystatement-expectation",
          "valueCode" : "SHALL"
        }],
        "name" : "_sort",
        "type" : "string",
        "documentation" : "<div> <p>The client and server <strong>SHALL</strong> support search result sorting by authored and <strong>MAY</strong> support other values.</p></div>"
      }]
    }]
  }]
}