{
  "resourceType" : "CodeSystem",
  "id" : "QuestionnaireItemControlExtended",
  "text" : {
    "status" : "generated",
    "div" : "<div xmlns=\"http://www.w3.org/1999/xhtml\"><p class=\"res-header-id\"><b>Generated Narrative: CodeSystem QuestionnaireItemControlExtended</b></p><a name=\"QuestionnaireItemControlExtended\"> </a><a name=\"hcQuestionnaireItemControlExtended\"> </a><a name=\"QuestionnaireItemControlExtended-en-US\"> </a><p>This case-sensitive code system <code>https://smartforms.csiro.au/ig/CodeSystem/QuestionnaireItemControlExtended</code> defines the following code:</p><table class=\"codes\"><tr><td style=\"white-space:nowrap\"><b>Code</b></td><td><b>Definition</b></td></tr><tr><td style=\"white-space:nowrap\">context-display<a name=\"QuestionnaireItemControlExtended-context-display\"> </a></td><td>An display item rendered adjacent (horizontally or vertically) to the text of the parent item.</td></tr></table></div>"
  },
  "url" : "https://smartforms.csiro.au/ig/CodeSystem/QuestionnaireItemControlExtended",
  "version" : "0.2.0",
  "name" : "QuestionnaireItemControlExtended",
  "title" : "Questionnaire Item Control Extension",
  "status" : "draft",
  "experimental" : false,
  "date" : "2024-10-25T12:49:36+10:00",
  "publisher" : "AEHRC CSIRO",
  "contact" : [{
    "name" : "AEHRC CSIRO",
    "telecom" : [{
      "system" : "url",
      "value" : "https://confluence.csiro.au/display/PCDQFPhase2/Primary+Care+Data+Quality+Foundations+-+Phase+2"
    }]
  }],
  "description" : "The Questionnaire Item Control Extension code system defines concepts that extend the HL7 questionnaire item control concepts in http://hl7.org/fhir/questionnaire-item-control. They represent interface control/display mechanisms interface control/display mechanisms that might be used when rendering an item in a questionnaire.",
  "copyright" : "Copyright © 2022+ Australian Government Department of Health and Aged Care - All rights reserved. This content is licensed under a Creative Commons Attribution-ShareAlike 4.0 International License. See https://creativecommons.org/licenses/by-sa/4.0/.",
  "caseSensitive" : true,
  "content" : "complete",
  "count" : 1,
  "concept" : [{
    "code" : "context-display",
    "display" : "context-display",
    "definition" : "An display item rendered adjacent (horizontally or vertically) to the text of the parent item."
  }]
}