{
  "resourceType" : "ValueSet",
  "id" : "CervicalScreeningStatus-1",
  "text" : {
    "status" : "generated",
    "div" : "<div xmlns=\"http://www.w3.org/1999/xhtml\"><p class=\"res-header-id\"><b>Generated Narrative: ValueSet CervicalScreeningStatus-1</b></p><a name=\"CervicalScreeningStatus-1\"> </a><a name=\"hcCervicalScreeningStatus-1\"> </a><a name=\"CervicalScreeningStatus-1-en-US\"> </a><p style=\"border: black 1px dotted; background-color: #EEEEEE; padding: 8px; margin-bottom: 8px\">Expansion based on SNOMED CT Australian edition 31-Mar 2024</p><p>This value set contains 4 concepts</p><table class=\"codes\"><tr><td style=\"white-space:nowrap\"><b>Code</b></td><td><b>System</b></td><td><b>Display</b></td></tr><tr><td style=\"white-space:nowrap\"><a name=\"CervicalScreeningStatus-1-http://snomed.info/sct-736595007\"> </a>\u00a0\u00a0<a href=\"http://snomed.info/id/736595007\">736595007</a></td><td>http://snomed.info/sct</td><td>Declined</td></tr><tr><td style=\"white-space:nowrap\"><a name=\"CervicalScreeningStatus-1-http://snomed.info/sct-410527000\"> </a>\u00a0\u00a0<a href=\"http://snomed.info/id/410527000\">410527000</a></td><td>http://snomed.info/sct</td><td>Offered</td></tr><tr><td style=\"white-space:nowrap\"><a name=\"CervicalScreeningStatus-1-http://snomed.info/sct-171154002\"> </a>\u00a0\u00a0<a href=\"http://snomed.info/id/171154002\">171154002</a></td><td>http://snomed.info/sct</td><td>Not required</td></tr><tr><td style=\"white-space:nowrap\"><a name=\"CervicalScreeningStatus-1-http://snomed.info/sct-171155001\"> </a>\u00a0\u00a0<a href=\"http://snomed.info/id/171155001\">171155001</a></td><td>http://snomed.info/sct</td><td>Up to date</td></tr></table></div>"
  },
  "extension" : [{
    "url" : "http://hl7.org/fhir/StructureDefinition/valueset-supplement",
    "valueCanonical" : "https://smartforms.csiro.au/ig/CodeSystem/HealthChecksSCTSupplement"
  }],
  "url" : "https://smartforms.csiro.au/ig/ValueSet/CervicalScreeningStatus-1",
  "version" : "0.2.0",
  "name" : "CervicalScreeningStatus",
  "title" : "Cervical Screening Status",
  "status" : "draft",
  "experimental" : false,
  "date" : "2024-10-25T12:49:36+10:00",
  "publisher" : "AEHRC CSIRO",
  "contact" : [{
    "name" : "AEHRC CSIRO",
    "telecom" : [{
      "system" : "url",
      "value" : "https://confluence.csiro.au/display/PCDQFPhase2/Primary+Care+Data+Quality+Foundations+-+Phase+2"
    }]
  }],
  "description" : "The Cervical Screening Status value set includes values that can be used to represent the status of an individual's participation in a cervical screening program.",
  "copyright" : "Copyright © 2022+ Australian Government Department of Health and Aged Care - All rights reserved. This content is licensed under a Creative Commons Attribution-ShareAlike 4.0 International License. See https://creativecommons.org/licenses/by-sa/4.0/.",
  "compose" : {
    "include" : [{
      "system" : "http://snomed.info/sct",
      "concept" : [{
        "code" : "736595007",
        "display" : "Declined"
      },
      {
        "code" : "410527000",
        "display" : "Offered"
      },
      {
        "code" : "171154002",
        "display" : "Not required"
      },
      {
        "code" : "171155001",
        "display" : "Up to date"
      }]
    }]
  },
  "expansion" : {
    "identifier" : "urn:uuid:7642a243-4f23-4b17-933d-57b448902d5d",
    "timestamp" : "2024-04-08T10:41:42+10:00",
    "total" : 4,
    "parameter" : [{
      "name" : "version",
      "valueUri" : "http://snomed.info/sct|http://snomed.info/sct/32506021000036107/version/20240331"
    },
    {
      "name" : "used-codesystem",
      "valueUri" : "http://snomed.info/sct|http://snomed.info/sct/32506021000036107/version/20240331"
    }],
    "contains" : [{
      "system" : "http://snomed.info/sct",
      "code" : "736595007",
      "display" : "Declined"
    },
    {
      "system" : "http://snomed.info/sct",
      "code" : "410527000",
      "display" : "Offered"
    },
    {
      "system" : "http://snomed.info/sct",
      "code" : "171154002",
      "display" : "Not required"
    },
    {
      "system" : "http://snomed.info/sct",
      "code" : "171155001",
      "display" : "Up to date"
    }]
  }
}