{
  "resourceType" : "ValueSet",
  "id" : "australian-states-territories-2",
  "meta" : {
    "profile" : ["http://hl7.org/fhir/StructureDefinition/shareablevalueset",
    "https://healthterminologies.gov.au/fhir/StructureDefinition/composed-value-set-4"]
  },
  "text" : {
    "status" : "generated",
    "div" : "<div xmlns=\"http://www.w3.org/1999/xhtml\"><p class=\"res-header-id\"><b>Generated Narrative: ValueSet australian-states-territories-2</b></p><a name=\"australian-states-territories-2\"> </a><a name=\"hcaustralian-states-territories-2\"> </a><a name=\"australian-states-territories-2-en-US\"> </a><p style=\"border: black 1px dotted; background-color: #EEEEEE; padding: 8px; margin-bottom: 8px\">Expansion based on system australian-states-territories-1 version1.1.3</p><p>This value set contains 9 concepts</p><table class=\"codes\"><tr><td style=\"white-space:nowrap\"><b>Code</b></td><td><b>System</b></td><td><b>Display</b></td></tr><tr><td style=\"white-space:nowrap\"><a name=\"australian-states-territories-2-https://healthterminologies.gov.au/fhir/CodeSystem/australian-states-territories-1-ACT\"> </a>\u00a0\u00a0ACT</td><td>https://healthterminologies.gov.au/fhir/CodeSystem/australian-states-territories-1</td><td>Australian Capital Territory</td></tr><tr><td style=\"white-space:nowrap\"><a name=\"australian-states-territories-2-https://healthterminologies.gov.au/fhir/CodeSystem/australian-states-territories-1-NSW\"> </a>\u00a0\u00a0NSW</td><td>https://healthterminologies.gov.au/fhir/CodeSystem/australian-states-territories-1</td><td>New South Wales</td></tr><tr><td style=\"white-space:nowrap\"><a name=\"australian-states-territories-2-https://healthterminologies.gov.au/fhir/CodeSystem/australian-states-territories-1-NT\"> </a>\u00a0\u00a0NT</td><td>https://healthterminologies.gov.au/fhir/CodeSystem/australian-states-territories-1</td><td>Northern Territory</td></tr><tr><td style=\"white-space:nowrap\"><a name=\"australian-states-territories-2-https://healthterminologies.gov.au/fhir/CodeSystem/australian-states-territories-1-OTHER\"> </a>\u00a0\u00a0OTHER</td><td>https://healthterminologies.gov.au/fhir/CodeSystem/australian-states-territories-1</td><td>Other territories</td></tr><tr><td style=\"white-space:nowrap\"><a name=\"australian-states-territories-2-https://healthterminologies.gov.au/fhir/CodeSystem/australian-states-territories-1-QLD\"> </a>\u00a0\u00a0QLD</td><td>https://healthterminologies.gov.au/fhir/CodeSystem/australian-states-territories-1</td><td>Queensland</td></tr><tr><td style=\"white-space:nowrap\"><a name=\"australian-states-territories-2-https://healthterminologies.gov.au/fhir/CodeSystem/australian-states-territories-1-SA\"> </a>\u00a0\u00a0SA</td><td>https://healthterminologies.gov.au/fhir/CodeSystem/australian-states-territories-1</td><td>South Australia</td></tr><tr><td style=\"white-space:nowrap\"><a name=\"australian-states-territories-2-https://healthterminologies.gov.au/fhir/CodeSystem/australian-states-territories-1-TAS\"> </a>\u00a0\u00a0TAS</td><td>https://healthterminologies.gov.au/fhir/CodeSystem/australian-states-territories-1</td><td>Tasmania</td></tr><tr><td style=\"white-space:nowrap\"><a name=\"australian-states-territories-2-https://healthterminologies.gov.au/fhir/CodeSystem/australian-states-territories-1-VIC\"> </a>\u00a0\u00a0VIC</td><td>https://healthterminologies.gov.au/fhir/CodeSystem/australian-states-territories-1</td><td>Victoria</td></tr><tr><td style=\"white-space:nowrap\"><a name=\"australian-states-territories-2-https://healthterminologies.gov.au/fhir/CodeSystem/australian-states-territories-1-WA\"> </a>\u00a0\u00a0WA</td><td>https://healthterminologies.gov.au/fhir/CodeSystem/australian-states-territories-1</td><td>Western Australia</td></tr></table></div>"
  },
  "url" : "https://healthterminologies.gov.au/fhir/ValueSet/australian-states-territories-2",
  "identifier" : [{
    "system" : "urn:ietf:rfc:3986",
    "value" : "urn:oid:1.2.36.1.2001.1004.201.10026"
  }],
  "version" : "2.0.2",
  "name" : "AustralianStatesAndTerritories",
  "title" : "Australian States and Territories",
  "status" : "active",
  "experimental" : false,
  "date" : "2020-05-31",
  "publisher" : "Australian Digital Health Agency",
  "contact" : [{
    "telecom" : [{
      "system" : "email",
      "value" : "help@digitalhealth.gov.au"
    }]
  }],
  "description" : "The Australian States and Territories value set includes values that represent the Australian states and territories.",
  "copyright" : "Copyright © 2018 Australian Digital Health Agency - All rights reserved. Except for the material identified below, this content is licensed under a Creative Commons Attribution 4.0 International License. See https://creativecommons.org/licenses/by/4.0/. \n\nThis resource includes material that is based on Australian Institute of Health and Welfare material. \n\nAll copies of this resource must include this copyright statement and all information contained in this statement.",
  "compose" : {
    "include" : [{
      "system" : "https://healthterminologies.gov.au/fhir/CodeSystem/australian-states-territories-1",
      "concept" : [{
        "code" : "ACT"
      },
      {
        "code" : "NSW"
      },
      {
        "code" : "NT"
      },
      {
        "code" : "OTHER"
      },
      {
        "code" : "QLD"
      },
      {
        "code" : "SA"
      },
      {
        "code" : "TAS"
      },
      {
        "code" : "VIC"
      },
      {
        "code" : "WA"
      }]
    }]
  },
  "expansion" : {
    "identifier" : "e9439195-c1d8-4069-a349-98c1d552a351",
    "timestamp" : "2023-06-20T04:20:58+00:00",
    "total" : 9,
    "offset" : 0,
    "parameter" : [{
      "name" : "version",
      "valueUri" : "https://healthterminologies.gov.au/fhir/CodeSystem/australian-states-territories-1|1.1.3"
    },
    {
      "name" : "count",
      "valueInteger" : 2147483647
    },
    {
      "name" : "offset",
      "valueInteger" : 0
    }],
    "contains" : [{
      "system" : "https://healthterminologies.gov.au/fhir/CodeSystem/australian-states-territories-1",
      "code" : "ACT",
      "display" : "Australian Capital Territory"
    },
    {
      "system" : "https://healthterminologies.gov.au/fhir/CodeSystem/australian-states-territories-1",
      "code" : "NSW",
      "display" : "New South Wales"
    },
    {
      "system" : "https://healthterminologies.gov.au/fhir/CodeSystem/australian-states-territories-1",
      "code" : "NT",
      "display" : "Northern Territory"
    },
    {
      "system" : "https://healthterminologies.gov.au/fhir/CodeSystem/australian-states-territories-1",
      "code" : "OTHER",
      "display" : "Other territories"
    },
    {
      "system" : "https://healthterminologies.gov.au/fhir/CodeSystem/australian-states-territories-1",
      "code" : "QLD",
      "display" : "Queensland"
    },
    {
      "system" : "https://healthterminologies.gov.au/fhir/CodeSystem/australian-states-territories-1",
      "code" : "SA",
      "display" : "South Australia"
    },
    {
      "system" : "https://healthterminologies.gov.au/fhir/CodeSystem/australian-states-territories-1",
      "code" : "TAS",
      "display" : "Tasmania"
    },
    {
      "system" : "https://healthterminologies.gov.au/fhir/CodeSystem/australian-states-territories-1",
      "code" : "VIC",
      "display" : "Victoria"
    },
    {
      "system" : "https://healthterminologies.gov.au/fhir/CodeSystem/australian-states-territories-1",
      "code" : "WA",
      "display" : "Western Australia"
    }]
  }
}